6596
4690
8205
9124
5334
8971
8416
4578
7956
2541
4483
9236
8336
3421
1321
1939
9659
9853
4228
8688
1115
1415
5172
1309
488
1783
6778
8070
9537
1571
10
458
8380
599
1791
122
7018
8497
4376
8572
8856
8550
2368
6556
2066
6783
5387
6960
9810
6595
7533
2679
5062
7650
6805
4509
4640
3788
198
973
1078
7228
4550
5316
5882
1716
639
5949
4580
4262
7490
1055
9883
6908
1628
3711
6436
244
8737
5843
1809
7644
53
1445
8874
9878
8202
4128
3896
6856
8291
1066
5582
2514
7750
6157
755
8893
6896
4851
3930
4589
4067
8014
6083
8018
7291
4418
1306
2145
3294
5536
1596
6538
4289
8319
8794
8950
3335
3513
4071
6718
6260
3775
1611
8251
2992
986
2346
165
3240
1728
6495
5226
6782
2078
6545
2142
7536
6616
5768
1465
1382
8858
8137
242
1461
4106
8828
6102
4624
8557
1615
356
4719
8498
5715
4184
9688
1887
5204
9282
8985
710
1270
4338
5751
4691
7739
9779
3088
3605
9410
6977
5341
4758
9705
296
6692
7545
5715
5802
5434
8495
5972
5757
9398
9030
9945
4511
3808
9775
2180
1222
1560
9034
4661
1433
4259
1056
2357
9972
5535
7405
1548
8172
9144
5784
9954
7152
8452
7040
7203
4135
8264
3909
4843
5916
9758
7951
9888
7971
5102
4575
5519
6407
1257
3905
7919
2481
9332
8474
3490
807
8033
6036
7034
4511
1130
7171
3256
6942
2311
3587
6943
4545
1279
3616
5559
3239
4666
4082
190
7177
805
4147
8953
823
1215
526
9672
7217
624
1781
9735
2414
7642
7487
6256
5756
5095
5852
3470
2373
6258
374
9037
1003
7698
1479
7485
8304
4960
3889
8006
9812
8745
8766
8725
5915
7167
548
1460
3562
4955
548
8455
6766
4637
8544
9139
6730
7092
135
8217
8763
3032
4526
5680
2057
9188
5740
2545
3500
4018
434
5836
3528
6815
9765
215
7095
5117
8041
6599
9522
4695
6092
2679
4444
8863
4781
3205
7866
6932
3895
6828
3251
6719
5518
9740
9600
8348
980
8406
9263
3589
856
275
8250
1962
2780
8901
9183
5949
3985
7461
8812
58
8353
9674
4666
356
1881
9419
2898
6219
8737
9900
1040
4601
4793
7861
7699
8827
6258
5329
6941
1021
1399
6625
2174
9198
5286
9616
6951
4451
5582
8786
6525
4151
7174
9637
4877
6064
7176
4666
8566
1213
5128
7245
2935
8683
2997
6607
8726
3735
7755
8373
5210
7278
8275
9417
1526
7296
9432
2046
5299
1618
6806
6834
8536
8419
2512
3356
3721
23
638
4836
7113
1279
2450
9202
4493
9769
5701
5486
622
4259
1123
6919
4058
139
8768
6095
1192
2738
5765
2627
5351
9488
3883
2553
5538
4497
6339
9858
3569
6796
4319
7262
7983
276
3553
8111
116
1207
8510
1254
8622
7635
5630
4138
5841
6169
7234
7431
3816
7658
5778
914
1254
8431
7299
2475
7166
917
9010
9515
9019
5668
5840
5517
5005
5424
4457
569
9585
600
4306
859
7179
8860
4495
2
4979
3404
6878
9333
7881
3324
2515
480
9126
1443
4273
9164
4400
7171
2610
9836
2362
9987
7491
7331
5478
6407
6799
8772
3304
6721
7175
2961
3768
4449
5946
5317
3651
104
3591
2333
5087
2890
2956
9808
3993
1842
8697
7504
173
863
1590
3881
5025
8076
7630
166
5823
5470
4599
9123
3501
9798
8463
5388
2762
8310
6949
1045
2615
3281
8400
4227
4127
5370
96
3127
1716
7950
3311
2299
8376
9390
8628
2437
3158
7541
1332
2728
4411
7880
6357
4394
2387
2411
9520
6577
7540
7648
3058
9478
3425
4234
96
395
924
7920
5044
7592
1484
7548
9336
1841
950
243
3998
6932
1067
3840
6041
4143
4606
2441
6060
7742
2624
243
5629
6594
2794
5570
4598
8125
5782
9272
7400
1865
3515
1918
7051
5000
6115
256
9287
7254
1610
9491
9352
7867
6101
2258
130
9070
9709
9542
5057
7571
1095
7908
1210
388
2241
5616
1668
2605
9930
2031
4973
3761
7855
4794
3434
1611
1998
8734
4543
5103
5897
7808
5015
5870
2200
8735
1857
4936
2443
322
8247
5068
2283
6384
8924
1435
9228
8398
5473
6859
4178
2738
6132
4199
2044
1991
261
740
481
7818
6918
7534
9493
2240
9791
8272
7720
4906
4076
3363
5532
7841
8307
9070
7666
7548
9093
5851
5583
6513
1313
5067
6528
3671
463
8159
4999
5497
2928
8871
7952
2471
3215
5816
5829
2551
9828
70
7337
249
9205
6530
3173
2071
5305
8060
1054
4651
5867
553
7823
1563
9527
4527
6968
8848
1684
9918
6243
7109
2910
8185
5614
4618
4735
5874
2762
599
9993
5939
7279
6670
82
5720
8186
7833
8813
5851
900
1779
3569
7287
6192
4051
9176
4846
4688
8034
4982
2342
3925
7438
6164
846
7009
5143
1528
4382
8426
9030
7827
2044
9230
2782
950
7643
9118
6554
5410
7230
3144
2086
2619
8011
6469
778
7784
7002
6891
9569
953
2044
4768
9528
2421
6873
6988
5585
1599
769
7225
4615
6485
4308
4858
4396
3509
6574
6549
4623
8684
1754
9950
6649
7405
9783
8258
5126
1930
1688
3485
1152
4433
7620
360
4567
6950
8366
3154
2430
6745
9520
4986
1855
7556
9312
774
3758
6756
7925
2307
26
5569
6562
6410
3168
2779
64
4283
2138
9571
6459
8777
3925
51
3875
98
9632
9435
8258
3097
6496
3209
1213
2385
4064
5444
3412
472
3110
1749
8451
461
5713
4227
5579
5840
6094
6282
3419
5221
3770
3894
2151
7285
7330
8898
1835
3985
1046
5575
9065
563
8444
6403
2110
9283
8240
5400
7187
3170
2537
302
3422
6631
6647
7335
5033
3860
6617
7916
5786
9060
2475
4441
1890
67
6332
161
3810
7498
5181
5679
9686
8373
9509
8555
5045
1107
4706
422
2705
2217
1195
8594
425
7444
3457
4336
1710
4841
547
2135
2995
8954
6016
4350
8285
8008
1174
1174
6122
1024
8650
6791
7742
6499
8353
4886
2648
6149
6075
2479
8819
8642
6463
5525
9192
2648
5441
9779
8353
661
4049
9134
2249
894
8733
3929
5119
216
5030
8772
3112
6647
4048
3826
9140
657
4898
9190
9977
6542
8158
2874
5628
3439
3787
587
1711
8439
7341
5348
964
58
4694
7413
5967
9857
7558
5759
4505
7351
6894
7183
6241
1396
7795
4117
7517
5123
285
8897
430
1217
3839
1385
2513
1237
8897
1064
8354
1559
7224
9734
556
9358
360
5776
6027
9561
3792
8004
1250
5737
4131
60
9863
5130
3527
20
4684
6877
4758
4809
1066
3491
5378
8065
614
4584
2614
513
1589
2713
4615
7614
332
2035
6969
7411
3871
9626
2206
8316
1739
9922
5801
1741
3872
4894
2177
2355
5542
451
8017
452
4720
9559
8604
8549
3598
9612
4381
216
1116
1843
5149
9296
1080
1406
1502
5171
9265
9159
5908
9594
8267
3318
5636
2536
7599
1075
1252
5429
5630
6808
3857
6102
4502
8098
5664
9178
9230
436
8380
4627
7531
6232
7230
3935
2821
2163
6427
3
6676
6820
7719
2691
7892
8233
2023
9840
4231
157
7972
9246
7865
8338
4571
4177
5759
775
7778
1988
857
6006
9317
8965
1063
1405
7102
9776
1015
6918
4931
6806
1244
5
826
4618
4842
4798
3303
3017
3790
9281
8086
8835
7323
1523
5987
8506
5967
5626
6550
5046
6308
7316
3373
7970
4242
6629
6866
6199
4561
8763
9468
8034
6972
5103
6081
3701
2050
6715
6296
8839
7431
9970
3948
2520
9671
6673
8621
7526
1274
2288
9873
5365
2930
2612
4488
7758
9649
3332
781
9143
120
8022
24
9307
8970
3222
9392
2933
7168
8466
3790
6094
4901
2037
44
3665
5073
5326
5821
5128
2595
6444
5446
4325
5448
2136
9322
9774
8072
7999
4643
7397
9167
4075
8540
6291
1561
6045
2108
4881
9479
8537
3500
1571
7918
3821
1546
4193
8318
6479
6262
851
5792
4371
3481
5801
8329
1558
262
8660
4315
6217
1561
6853
2187
7725
348
7375
8685
1752
3384
9243
4939
9506
7752
3577
9397
8959
3832
4157
2658
2376
2493
7725
3156
216
9599
3158
9898
3312
6289
3302
7071
1207
3506
7386
9375
7698
8923
8420
170
124
4600
5736
3057
8738
2868
2115
3070
5022
1404
4969
1760
1229
9238
8506
5331
5263
9867
3408
5550
6619
6351
4359
214
3500
9394
2297
240
4156
494
6949
164
5004
9408
2219
957
4061
6452
2135
2732
4094
586
7864
2541
1394
9637
4156
1841
5469
8609
4826
9066
4347
7892
1323
8981
5101
4221
6725
6882
3521
3721
3014
2511
1356
2181
6377
8338
1927
5454
728
9045
628
7028
4015
3404
7883
3949
729
9346
6261
1062
5385
1265
9620
2483
790
2033
205
1208
2276
1831
7603
2880
3963
2751
8865
7498
7238
3397
3268
8340
8219
2316
2179
5120
946
1601
4924
7139
4835
2970
7500
8924
5584
4872
4682
1074
9532
5820
5936
8646
3319
8502
1335
9767
8712
3416
1886
8164
9302
8569
7240
8060
6034
9317
3903
6785
2356
8706
5320
2443
224
1837
2181
633
9269
371
4912
7283
4322
9308
4107
3275
5861
9841
225
1809
6738
542
408
485
4620
9123
5494
6536
227
6900
6621
8667
1546
3312
7749
6649
5651
7551
7876
6417
3434
7253
9692
2203
2907
4643
8529
8491
9024
7836
6533
787
7515
2533
2082
9971
7612
8870
4212
4284
832
3293
3360
339
6359
2802
853
2305
4928
8772
158
1718
7907
7890
2064
7117
7146
5479
2406
8139
9101
2172
2215
337
6569
7537
2433
8882
9596
487
9492
3582
655
8900
3933
1836
9616
5161
7037
8806
2603
7920
7814
814
2133
1519
7010
9615
2837
3002
5743
8654
6224
3253
2603
5135
7247
5878
5192
6772
7806
2137
5916
9328
8819
6669
5287
9642
2009
7036
5890
413
7353
7368
1937
5148
884
2608
3108
8563
4399
1506
2960
5160
9004
8970
4148
7921
177
4649
2699
3967
6023
8577
4814
1703
8336
8316
835
1874
358
3597
9878
2330
5597
7070
9506
3749
9908
8392
107
590
4365
6129
6875
7678
1798
7728
9944
8074
1155
60
79
2486
6986
8690
303
4759
8571
4581
9076
22
3866
2064
6158
65
8234
7095
6253
7419
4968
4444
7052
20
2321
6621
6423
3859
6417
2378
9562
5455
7529
8436
4887
9901
4524
4673
6787
9380
6054
3228
5918
5564
3978
1514
654
4021
4902
2407
7671
5012
821
7647
6441
3016
4193
1385
2613
3851
9986
8653
2893
5796
2200
9301
2295
5241
8417
2242
8814
545
327
3782
8870
8408
8457
8094
10
2907
6756
5379
7539
5235
2766
9910
711
6944
7199
5656
123
4394
4541
5452
1014
3932
5170
4532
468
2285
1676
9784
5108
1539
1777
1893
3167
1148
8252
3953
6757
6023
7721
8669
6
6077
4360
2804
7449
9598
7041
2800
1597
3029
5477
9500
2121
1421
9069
547
1346
445
1506
7591
4953
4350
9912
3966
718
4350
5879
6039
7765
6125
1559
426
5539
4357
9591
4014
4229
9751
7114
676
6621
9087
4576
9280
7067
3881
3164
5496
7028
5741
2679
6980
3345
7958
9984
8709
8150
3857
109
8483
2381
6705
2819
9855
8670
4527
399
7415
1230
1342
1839
56
6258
77
5391
7805
2670
6245
4051
5957
2638
1122
3646
3955
2015
9983
7341
1775
5099
5610
5956
5114
2784
4310
3602
510
6780
8671
291
8484
903
873
4594
5535
6701
3905
4169
70
8407
1381
7543
9583
4660
9711
2364
1943
9353
4460
1076
4494
5122
603
5421
831
7811
7985
9735
4909
801
1162
6136
8872
6118
9130
2601
255
9444
2161
8656
416
9929
7564
4522
7131
5755
4568
261
4484
2545
3922
3511
6647
6846
7354
9903
3110
4395
8470
9942
6862
5071
8163
3345
7256
8173
2726
4646
2171
4219
8976
425
3502
8538
2976
3538
5963
583
4210
2396
1584
1197
309
3580
9679
6932
43
4300
1557
6938
9801
1715
5127
876
846
995
7464
8834
8897
7391
3319
7492
2963
1703
6133
2205
5395
2641
3893
4459
5456
230
476
1535
1945
6038
1240
9495
4976
6424
2989
8085
7022
4771
3834
204
6160
5874
3819
4807
1998
183
7799
102
1900
991
937
1605
7978
8093
5308
6539
5686
5046
7359
204
1233
9977
5592
2059
9087
7177
3636
1888
4664
1208
2477
9410
1435
2689
2821
1777
5971
3730
4639
8674
4145
5077
3597
9464
1176
5017
5875
5963
7960
5058
2714
1352
4771
1417
7217
1493
4171
6961
6862
5663
6620
1368
9027
3106
2774
8741
1227
7236
2146
6468
9379
6190
4677
6188
1941
9496
739
1274
2240
4288
11
1275
4772
9655
3233
5195
3001
4584
8441
1925
8127
6950
430
4629
719
7137
9154
290
337
7460
6672
8434
2295
798
1389
8249
3046
6778
909
578
1237
8174
9746
9768
206
5821
5567
9041
8434
617
4763
88
4409
9161
9441
2261
3511
834
5733
6907
8570
6805
4096
8239
9935
2005
1548
6512
2324
5139
1947
9654
4104
2952
5569
2683
1215
7902
6483
8849
9810
8459
2695
943
8163
3275
3851
7916
1902
2825
8401
1174
1194
3978
5288
1198
4239
8775
5798
756
6034
2197
2849
5707
7372
4434
9565
9305
1593
621
8367
8830
1259
2003
721
350
5855
8226
8670
4764
135
2603
6589
3652
9159
3337
5034
7861
2139
7705
6799
7402
1189
4133
1907
500
2533
8208
7257
1414
9184
5104
969
5564
1427
2003
5931
2680
1857
1792
8815
6634
1064
4700
7194
4156
4258
5861
3035
1799
1927
6750
2700
4246
4416
6471
5300
6645
7798
5288
5769
4901
6521
5546
2802
2479
5933
738
8507
9890
8686
315
5714
3899
3684
5790
6078
7344
4225
5153
2815
7929
5512
1738
4432
3163
8088
9870
1769
7794
4037
1467
8561
7579
408
7358
1265
8091
284
8593
6340
6079
5418
7029
6314
5250
2799
72
556
6372
4280
6770
8618
9965
1088
4786
6767
3678
128
9232
1542
6447
1045
4111
3030
9595
9824
3073
1641
3861
6006
9830
7162
6405
7864
7331
6573
2466
2893
8251
9448
8302
1178
7165
1983
3001
9940
1977
2382
7202
957
9696
2287
4721
9754
8999
1979
986
8181
1607
4941
9455
3438
8389
9058
1222
1516
2793
8973
2705
6834
8589
7783
2832
5612
5828
1715
7103
7176
8228
5216
4845
1410
1361
1207
9211
3016
7176
4436
4540
9308
6101
6402
8447
6936
161
2943
246
3419
7515
2767
2147
1490
5202
6348
9278
3586
1772
6362
8613
7537
7894
5769
3185
1444
1849
515
9632
5971
3877
6566
4852
3321
653
1868
4248
1208
4494
9909
2762
2345
3229
3782
5274
9120
988
2251
6877
5886
2137
904
6238
5265
6212
3933
4562
4406
2986
6216
1558
6751
7330
8276
936
8927
1044
6718
4590
1937
9329
3113
4198
2489
1203
8584
3628
1090
2545
680
497
2199
7023
7840
2958
7037
9056
9297
7093
2909
745
5799
2112
8528
3284
4642
9481
8323
2589
4446
7189
249
9213
3709
638
8048
6672
1159
3963
6539
3221
1320
2510
9663
1986
8840
970
2730
2849
2504
1902
7565
1323
1143
5987
266
5887
1012
4510
280
3742
8718
9362
4163
8839
519
7813
8737
1834
9240
3053
2304
7339
5966
6423
8650
4741
2546
5956
1946
2649
3270
6561
1097
8450
6538
7249
9633
2277
3055
377
6899
2234
1443
4359
2131
2977
9835
5328
657
3124
447
2837
2515
9735
9854
5729
9469
8846
1187
7234
9203
8508
271
6561
6005
4147
2870
528
1785
7308
4950
8335
9367
1684
4321
3418
4381
5714
2859
2659
4451
2593
895
2215
1209
8350
9725
864
7228
6864
9694
8167
2295
8382
3224
9347
438
7185
2460
7986
4086
9272
765
9283
1849
8738
3691
7230
6469
4188
4109
9441
700
1686
3502
1895
4486
6724
7358
5975
9386
9694
2681
1383
2844
1876
4132
970
5856
2162
8179
5677
5756
8332
7624
74
860
790
3335
5015
6863
8803
7317
8479
5311
5592
6990
474
4990
1179
7957
2859
3228
1741
6758
1686
3668
5138
2359
6252
7366
873
510
6628
2512
684
1932
7768
9125
9654
9751
5721
4975
3611
2549
2096
257
6217
6484
2626
5813
3577
9670
5647
7909
8594
6938
5528
7525
1178
9126
1434
4093
9705
1584
4123
4372
6237
3052
2032
6679
3108
9040
8585
8762
329
8819
3913
2549
7630
83
2181
2128
6866
4998
8073
5609
3247
9321
1825
3490
2162
4756
4123
5736
1224
3534
4551
221
130
1676
8199
8343
501
6133
4057
3586
641
4258
7742
6800
2827
8097
6
2369
4312
2520
6074
1597
2137
1638
8390
3758
3598
8997
3825
2939
824
5692
5850
1887
3440
1185
1169
6553
1773
5756
1391
9708
7669
3798
3538
9542
7556
6368
7721
5261
7074
6992
1097
3525
1604
4422
4298
5519
3073
5982
2481
9260
9343
2462
8234
7807
9353
7342
2801
5152
7824
1143
1998
220
6684
5108
9659
5370
1820
2261
6226
8153
4497
4099
5208
6932
2148
6510
5169
9464
4671
4017
7486
2348
3567
9911
5098
6079
5828
6391
6380
1248
530
843
2169
310
375
4863
6762
4848
9257
2036
5462
8615
9115
6404
7724
8095
6076
9407
4255
7964
637
20
6461
9570
1757
4108
8910
9940
9251
6081
102
1678
7878
4220
2519
2383
5132
571
7894
4237
7966
9937
7223
7228
3556
2199
2712
7674
114
7632
6568
833
8590
9723
9106
816
5181
6289
4586
7091
7290
4142
7634
2126
514
3149
8665
745
3774
8140
337
4277
6382
3263
4619
4573
7423
2720
5425
6167
3161
8980
6112
2506
4359
2520
2561
9658
3843
2474
2306
8734
4509
4292
9461
723
2456
7956
1220
1209
2930
1351
9056
7963
7902
4563
1877
9404
7168
6852
9483
3949
4548
8062
1436
7755
4827
209
8445
9685
931
8155
650
8011
7169
6855
4131
4434
9710
2243
3501
260
524
7071
6374
4804
3379
753
8089
4687
4044
7846
5690
3918
152
467
5358
1528
862
489
9754
9172
5921
2839
5527
716
7274
4329
1103
5326
214
4671
8535
9132
1422
5208
664
2179
7647
2061
6715
9400
5046
2938
9025
5086
6298
3143
9372
4613
9445
9637
9438
6604
176
6963
6588
1895
2971
1456
6206
5035
742
2331
22
2054
8734
631
8442
349
2167
8842
9024
8077
1938
9572
4437
9730
6924
9869
4793
726
6819
1015
2475
9681
9318
4067
4973
7422
4552
4815
9763
9247
2560
7549
8254
4807
6096
4415
2767
229
5471
9038
4234
8944
3269
9113
5273
7822
5843
8362
5193
7535
1661
8165
5045
4486
2549
4523
4078
7815
5045
5163
1668
9291
1209
5207
9859
2849
3590
5300
1404
8336
411
3627
7247
5207
3
8796
2530
9621
5907
5299
2625
2756
3862
1843
5442
847
8883
2638
9635
2437
55
5526
6547
246
453
6334
7913
2602
199
1290
3173
8961
3935
1781
4833
6821
9422
3186
2964
2715
5968
9194
4307
7017
9683
9875
1124
3137
6674
8017
240
5115
6658
6758
4932
8850
7768
3158
597
4996
1764
3350
3933
4589
4479
1186
3062
6221
2780
6573
8962
2757
8398
7683
3237
4370
2518
8267
3872
7520
871
5832
8954
5567
6137
479
8044
6035
229
2994
5498
2997
2659
1947
889
8007
5534
4532
6017
5493
4865
3811
7281
6887
5345
1716
5354
9699
7334
4174
265
7215
5462
4055
9940
4932
7664
547
5183
5758
3826
1032
699
576
8504
8397
1933
2660
5074
1185
4679
1136
6368
6807
5893
8836
12
3199
2645
4592
9764
9184
6484
9619
6339
6770
1585
5358
2044
40
8129
6550
9522
1002
702
2952
7990
7297
476
7399
5613
4891
1690
274
8989
8510
4289
4145
1269
8745
5517
7405
3478
3654
6676
5215
3954
5516
7367
864
1936
4865
8277
5728
1800
1917
8055
4515
2113
1865
5579
5013
8372
5030
1008
5406
1709
667
7306
8945
1518
6742
6499
7326
3024
5811
1183
5512
4503
7530
6026
8736
5792
4899
3488
3616
2202
3765
5352
1780
6158
8619
6366
6914
3484
7432
5883
474
3315
9074
1460
5897
1421
5113
3228
6152
7765
2859
903
4657
8198
4720
8412
9489
4625
5152
373
4073
4394
6437
4838
3086
7328
363
2808
9713
2535
4131
2801
2889
1508
23
7634
5708
6116
8888
6413
5005
4009
5907
5296
9135
658
5074
9314
8055
5190
5534
889
1391
7885
322
4598
6039
4187
6747
8094
9974
6218
9180
1045
1343
5683
6815
5337
3919
6536
85
1656
9714
7281
2430
992
6549
5857
211
1233
7446
5060
640
2480
3495
5975
6608
8827
4386
5268
4913
4532
5191
7017
9751
6332
9584
9812
3820
4125
3269
2093
7541
739
8427
2784
672
7672
1672
5013
4425
4076
2562
4238
715
1710
6917
9644
6419
5513
883
8798
401
1981
2117
1592
7752
72
7856
5356
9797
8481
4979
4935
4460
8641
1405
6010
6989
5519
9691
3268
5398
8695
1071
2184
1954
6854
4556
9328
4255
3732
5950
3230
8269
8062
518
907
7682
2702
179
750
8747
1754
1020
986
4957
5431
5882
3428
9850
4391
4963
6080
5470
1750
6321
8679
3257
1148
9681
1687
9319
4704
7719
4423
5307
6298
7662
7349
5947
8179
6717
799
7204
8012
8133
7962
8461
247
2168
7778
4762
4693
1428
4222
5399
4413
4364
1983
6916
662
7175
7909
9392
2337
5169
7278
4206
8742
4832
5004
1813
3354
5506
882
1891
8362
2706
9355
8385
9334
8457
742
8689
3501
7713
3090
675
7808
8804
9762
1288
2694
9395
7950
4350
492
898
2134
5306
7478
1761
3266
772
2167
9270
5659
156
4377
3878
4448
9722
633
6882
7526
9043
4258
5662
608
9272
2420
6797
5686
9976
561
7384
8069
6821
7716
5085
8451
5716
7902
4836
3741
5902
254
5373
2463
660
8684
1973
2415
799
7827
3688
4214
3925
7145
8960
8508
8296
6812
5579
7839
3128
7274
2923
8896
7897
3293
9094
6778
5999
8993
1598
351
8917
6947
3435
2961
8846
9017
7860
7978
4882
4728
8877
1625
7882
6661
3547
5850
439
7740
8514
5376
1597
7238
655
5841
7277
3595
1218
7182
7887
2660
8754
2733
6398
1467
6085
3974
9838
2129
2359
9398
5129
2636
2695
1011
5270
1771
1522
3213
7323
2152
5191
7133
6729
6025
7401
8285
5766
2322
4755
1380
4025
6554
2149
4732
9485
152
4797
2913
1528
9419
3617
5064
214
9923
6169
7193
6430
5839
7913
9131
7222
6116
2796
9419
6802
8166
5068
1928
7608
230
5534
7678
3455
297
8363
6174
4150
5872
5096
7910
4273
7817
4663
2658
1405
6354
8358
830
6869
3845
9990
8950
5229
228
1670
3869
1788
5730
9933
1799
9767
4156
4471
7859
775
8002
7319
6920
6700
7782
5898
7034
9836
1440
7164
1401
8692
6923
1444
7063
7503
6560
8490
5124
5908
5469
3897
3544
985
1265
8224
2076
3750
1062
6866
9573
6565
7052
2061
7965
8101
5022
7528
3136
5997
8643
6997
3089
1869
5028
1574
2599
3313
7413
9643
1687
5679
1073
5130
4623
4655
9766
776
4683
3434
4906
2147
8792
7019
5737
8466
5635
3523
5228
9972
8733
5945
3352
741
5518
3389
9616
8367
9986
349
3735
861
2868
3105
2854
7691
9046
4737
3126
9529
234
3671
6763
1294
6016
6495
9854
8730
6477
7067
5221
8179
2740
6850
9088
4801
8228
9000
7203
309
1149
3865
8811
868
4127
799
8943
6913
1810
3220
3605
9320
9500
8545
6013
2952
4418
6676
6542
72
9838
768
6507
5706
2905
9710
930
7340
6038
6370
5041
555
9179
5737
1829
4450
6380
1581
9632
6865
3798
1483
2614
1641
9941
1228
4661
3443
5266
8655
9646
2624
5612
7016
3908
7163
2673
3777
7456
11
4090
7982
8334
4981
6561
9359
9704
7998
9951
4367
2878
253
4678
5402
2046
9103
5592
6315
9189
1956
6227
7858
2322
1847
9785
5253
7107
92
7392
7662
3327
8977
3378
4722
9551
4295
8946
9249
457
1418
4412
6201
2011
6907
3223
8725
5505
4575
6475
931
3667
5984
601
8371
6701
8113
7739
9260
8972
4559
4136
6920
8210
195
1444
80
8007
2036
9954
3650
6444
4618
855
7662
2765
2653
4861
2209
1138
9260
4064
2088
7681
1801
376
8342
6212
5409
4532
6144
8691
7722
8047
4662
6334
7637
722
3164
6138
6642
8694
4551
213
4707
9236
6179
7094
1369
9483
9264
6262
2618
2764
6334
9173
4517
8325
61
7659
5452
233
7671
5196
5167
3225
7689
3335
1306
5825
8812
2523
4804
193
7874
7511
9768
2614
6364
5372
4721
1893
6297
6288
5007
3667
2008
4802
2086
1220
318
4198
9973
9406
6819
2828
5460
4729
2023
6433
774
1189
5554
1473
782
3144
5801
86
7822
6467
5549
4434
9675
4271
1565
9910
2972
6201
3915
8861
3490
3976
956
776
177
7527
2345
3510
2283
9603
3139
8255
9582
6578
5155
301
7012
5022
9136
9288
7769
1245
3641
5884
6266
5998
2258
2362
3624
3010
3179
664
2635
8437
8636
2229
3555
2504
4797
8461
2618
4540
6401
2229
1382
4156
131
6820
1482
8167
2745
2287
1052
137
6293
2015
9617
2534
6443
1168
3541
834
2348
4009
9255
4032
3984
9379
7872
8532
6883
2903
3332
7975
6806
553
9777
3159
3654
875
4644
536
8346
6271
4364
6299
629
3869
470
26
6060
5501
5815
1917
5682
2530
2824
5900
894
484
8731
9521
1774
167
8396
7880
677
333
8019
8023
4736
9733
1334
1060
358
8910
3068
1640
4285
5036
1580
7086
4666
1669
1635
8711
5504
5241
516
5709
6026
700
9033
9570
1987
6098
9112
5876
2210
8533
642
6943
388
230
6693
1440
3569
4078
9312
8850
7825
1231
55
4055
8103
1276
1756
1811
5627
3377
5725
7112
3046
5953
126
3834
2678
3802
3883
687
4674
9559
3055
6469
231
3010
7091
5375
3056
8451
2622
1213
1540
2906
970
6856
8169
9157
8999
8487
3543
6606
3209
3200
728
2100
2957
8206
923
5045
3961
2380
7271
9061
4977
3003
4557
5277
3301
7750
3206
1475
8007
7551
8203
1
6923
917
8132
4805
2392
2549
8872
7717
4795
362
3075
9468
1994
9507
7526
5637
6726
6895
5031
6739
8169
4807
2953
4699
5023
8552
2519
1600
4674
2235
5738
4312
5213
4275
7723
6527
8690
4003
9505
6792
8183
2121
4123
1723
7130
8011
8586
7472
470
2300
3286
8887
1534
9147
3681
8305
8469
6873
9400
7918
4944
7509
3141
7524
1908
6277
8226
6136
8249
3683
9544
7389
4304
8690
3013
9174
9425
8731
7708
8073
1308
3448
1526
9107
3473
6300
3607
6994
5436
7630
3724
7810
6616
3712
2543
3335
5300
5344
8669
1908
2866
9306
3167
3143
6140
151
8324
8305
2946
2327
9728
6101
7822
8487
3869
8779
2297
462
7952
8690
838
2138
6695
2000
8108
866
9246
7015
7185
6919
480
3959
2561
9468
7467
8265
1502
3343
3500
2079
3153
6531
6970
3302
2543
9051
3230
7461
9432
6693
2480
7109
3496
4113
7293
92
816
8157
8708
2695
9071
9662
3120
4116
553
7165
9455
9290
4442
8843
722
8245
9620
8147
4317
2417
4691
5147
3998
4915
8914
6533
9962
2815
8215
7640
4435
6217
2377
1142
7862
9035
546
1706
9120
8336
15
7489
8385
699
6164
850
6680
6647
4348
8266
5870
5307
2462
8296
5712
8489
6860
2354
979
3540
4629
6098
1004
4348
778
3201
8919
4392
5534
1503
6581
1726
2662
9564
9539
7345
96
6085
1397
9944
1728
9006
5825
5015
9396
9256
8888
1180
9097
9568
2639
4905
7480
3060
3724
7241
9384
2946
1021
4000
9639
7103
1761
707
3587
1713
8746
6161
9986
7482
7178
8877
5841
9809
8234
1833
5706
5887
7258
8816
2430
5682
7858
6880
7170
4961
311
6931
6455
7645
6266
6665
3617
4368
2906
5891
9817
2630
5658
3710
1214
4196
492
5401
2246
681
3821
9653
7330
6527
4858
7801
2175
5326
6336
527
3641
7630
6114
8863
4634
6246
8179
8997
7120
1846
9699
6689
4173
2125
7750
4923
1608
5448
9520
6721
9680
5928
2845
5375
3473
8943
9661
1034
3327
7782
7036
4249
9583
3774
4384
3920
9525
6657
5371
6330
4664
1060
7345
3938
2850
3420
387
5790
8180
7049
1914
3673
966
371
4079
1308
235
176
4630
9112
1779
4832
1292
6546
7914
5013
2389
443
3646
6146
4936
8475
7661
9694
1943
3306
9245
5013
9365
2763
5126
6348
3644
8933
1002
8639
9015
1566
7188
4808
7210
4983
5390
286
2946
6526
8588
5000
9398
1444
7702
1532
8332
9452
5716
7481
3193
6716
6913
4909
7760
3284
5042
7156
4412
7000
9360
2462
7593
2411
1808
475
828
4010
7812
7125
4658
6450
9547
2618
7670
9919
6307
4389
4300
5714
1279
2280
971
7261
9715
8072
5256
5870
8700
8373
7789
8471
1053
1061
3752
4694
6036
4364
1999
8310
5947
3497
4770
3664
9962
2496
1801
6783
3721
6719
6028
6447
5587
8048
4898
4017
7447
2714
9888
3070
744
1908
6163
2437
820
9527
3321
8483
1506
8991
4986
2846
4612
3742
6676
7534
3836
6541
6484
8537
4971
7312
6288
5209
2165
4628
3056
6699
8656
5223
4158
327
8538
6052
2179
8711
1130
3946
3616
7910
687
9768
4750
6871
6614
856
6189
6447
375
85
729
8624
2414
4922
3179
1747
6455
4968
188
3744
8002
147
6260
2317
7751
730
4032
753
51
1681
9969
6436
5616
909
2881
8757
2850
7755
1281
2647
9422
6349
6990
5689
7797
7410
195
4209
9246
641
439
4004
9042
3538
2038
7892
2977
2921
6446
4086
5538
415
192
6927
1719
8655
998
3468
527
3498
5220
9978
1781
7272
5799
1880
5045
8780
1482
8023
6223
66
1351
1866
5204
9463
6650
8848
2397
6661
7265
1644
5132
7642
1504
1085
5594
8260
2530
8143
463
9259
4105
9197
6367
3611
6118
2768
1378
1228
9540
9625
6844
3279
9823
8567
7003
3528
5058
7302
1936
1331
3374
2708
8292
9844
7286
4753
1515
1935
1031
7362
8854
192
8486
5506
1426
1401
1345
9766
2798
4150
7303
9563
1931
349
1891
703
9340
6855
483
5128
1692
7222
7640
805
9678
7667
2518
4335
7312
9605
4171
3003
2729
7055
9501
4479
9745
3094
2779
9822
8736
5453
3461
5042
1646
6336
2728
4933
5034
6954
737
1884
4582
467
5315
3297
6959
8889
1876
1803
7211
8873
1553
2012
7147
9130
50
7495
5360
1543
2393
7611
234
775
5827
2785
3947
2603
5041
7054
8442
1059
8864
5861
4547
1469
4980
2509
2139
91
1924
8105
5810
7791
1854
8650
5969
3254
5771
2862
6835
4879
5773
3938
0
8519
773
2156
4244
6434
5810
7390
4367
9879
7203
8087
6965
808
5294
9628
3893
2605
5017
7870
2663
4012
9205
2888
8143
3335
3050
3624
2974
6131
717
4999
2359
6576
3279
487
255
777
7775
7720
9758
2874
224
6630
7698
6201
5477
2019
8834
9731
1080
4397
4480
6868
5242
6923
264
4081
3076
1177
5237
4678
8829
7726
7763
3927
5892
8662
4287
8517
5741
1825
4474
6768
3481
9511
7036
2083
653
5766
134
129
2725
6761
8624
2185
8641
1495
8176
7928
9405
4630
3276
9612
2639
3290
8151
145
1002
3373
4359
8762
207
396
4712
7357
7827
1436
8761
1323
9979
8232
3315
1658
8371
2744
2586
3553
6671
9375
5916
1712
1433
433
5543
7770
6681
2223
3223
6384
8371
9761
2893
5899
5001
4846
5499
4549
6913
4555
8571
2260
2338
1262
3872
9380
1416
4685
9236
1856
3287
8664
864
3709
6923
4240
2074
2723
9614
2163
1209
4969
8691
7893
5860
9596
3184
4667
6792
3403
4537
2215
6680
6930
2246
5212
3935
2370
6454
349
8977
3145
6541
3254
2591
547
4089
4790
8569
7500
2882
7208
3246
592
9696
572
4223
4050
5879
8279
3234
6645
1629
9444
4371
5562
4956
2805
2532
919
5202
5770
388
8304
2533
7692
4398
5301
7189
2727
8312
9208
1498
850
4156
6457
7468
2284
1124
9120
7746
6485
8334
9526
2146
2790
9311
4960
6
6526
436
5384
4064
5818
4131
1050
7732
4623
8416
873
5460
6039
5260
1035
2169
6870
2103
2856
8300
8521
6070
7882
2549
9290
544
5217
7787
2289
6594
5046
1402
2186
9411
4474
5859
4975
6273
7850
3373
3923
5290
2913
7193
427
375
7914
8963
3800
6658
7168
5876
3541
2041
661
9957
985
7403
2555
3374
5626
287
930
8684
8735
4292
9647
5089
9359
3938
5109
3636
3467
2831
3314
922
1701
1150
5097
7389
3708
4818
8055
7240
3925
8657
9124
7845
5768
9699
1608
9165
5235
7194
6088
7583
2479
2171
3676
7356
29
4970
7454
4014
8892
196
4192
5401
411
2357
5802
1290
8197
699
7424
3020
686
274
508
9481
7032
6525
8893
6669
8546
3830
1883
6038
2958
765
597
6792
3758
1677
7881
2638
5930
1980
7024
6571
3088
7281
4483
7342
9672
9791
4830
9267
8803
5296
7312
4454
3680
9277
2172
5986
2106
7369
8079
1560
6882
9422
9006
3179
4276
9535
2523
5448
3496
9596
2275
6147
6536
4900
3752
3309
3337
5829
1414
9906
8152
3375
4420
2590
3618
5862
3146
976
9663
9798
2649
1366
8300
2833
6746
6120
9092
3620
4567
9729
3003
5272
9600
6247
1575
1891
3276
9180
1883
3151
6269
8093
7393
3827
1693
8919
6163
2781
7834
4330
3318
5233
5148
1862
371
1979
703
3506
7731
9056
1986
539
3015
627
9466
6585
4289
2467
5043
2318
1731
6273
581
2647
882
3568
1279
7973
8934
117
3090
3173
7681
1262
2092
9259
7129
8719
9872
5150
132
135
2527
3756
1887
8001
4405
3118
3083
4918
4242
9831
5604
4016
2323
1638
5023
7338
9452
4666
816
3715
8101
9029
758
8033
2382
9401
4019
3970
8944
1648
2699
5213
1570
2008
3048
4343
8997
9258
7015
466
3804
6843
308
6240
603
8332
1293
149
474
3452
2245
1770
5542
2910
6887
6782
3782
6981
3029
7639
8821
4763
5580
9462
2784
7217
5558
2441
4061
3121
8875
9753
7270
3871
836
4324
8673
6062
3167
1077
4029
1471
616
1567
7851
9363
9114
4345
6614
306
7522
8627
8577
3989
8411
7862
3404
7805
6364
5786
4050
5462
3178
705
2611
5382
635
3312
3896
48
2553
1982
1976
1733
5726
6981
5846
9162
4690
7110
8645
5460
4255
105
2473
7328
3645
3345
9611
4383
7839
4174
5945
2830
3624
5916
2487
420
1707
3209
4614
9893
4591
9460
6927
6660
7627
7761
5997
4725
7987
1769
3524
9664
1695
9454
9361
17
7524
2476
7472
9164
7010
1306
9588
3165
3466
2224
999
2398
4649
6531
8430
8226
1957
780
951
8943
7218
8886
162
1353
8434
8342
3001
5784
6215
6309
8077
7595
5814
2633
207
3862
5610
8530
6696
9319
9922
1696
3222
9191
6648
1361
7395
7180
3071
9400
6099
9114
7496
5225
3978
1193
1393
2705
2007
2530
7419
9603
6993
4084
8118
5789
3037
5907
8043
4105
6841
8672
7990
2095
6648
5235
3054
7960
3803
2900
9682
5421
3304
6794
9297
2622
2185
4091
2998
4094
1971
5666
4047
2844
7793
5454
1544
8381
5165
3959
9353
4276
2107
6203
872
2291
6354
2855
9612
9931
7336
7905
8480
2784
7689
5938
4992
3464
7187
3617
8996
8466
5936
6794
5366
3923
8817
910
7424
475
9220
916
1111
1494
5074
8125
8046
3615
2072
3829
9225
8943
2831
517
1151
3411
8474
1062
2090
2203
908
9296
9311
4127
8515
6816
2324
7500
1685
7704
2915
8332
9029
8000
9066
7284
6290
8026
8187
4279
8045
9379
9367
1303
3988
5798
5618
7035
3536
8282
3971
3596
9879
9420
1083
522
1167
5063
3119
2044
3968
9167
1059
8965
7301
3614
3301
8609
2495
6406
3252
7982
325
7557
6731
792
9451
8966
9501
4317
6798
6515
9582
6431
1866
4520
2956
1047
8664
5940
7705
7687
6904
2633
2086
7144
1766
6930
3805
3346
9740
8132
3899
4634
4964
5405
8888
7941
376
5033
180
5771
2040
2548
4736
1607
9239
7914
6087
7259
9123
2057
4023
1312
3615
1512
463
3595
2175
5313
3958
9386
3487
5993
7829
7022
5407
417
4115
7331
1183
7973
9772
2107
6835
6273
1549
9481
6724
1364
3566
6168
1443
2172
5868
5292
8858
3617
482
7392
9265
7406
6723
14
3850
4873
4871
670
5498
9460
9184
8630
36
2572
3064
2127
1955
735
2184
1560
4003
1467
5623
8932
2925
2913
1533
3454
9278
3640
5715
2253
1074
5469
3354
7506
2162
8504
4164
4926
1560
6059
5186
9297
6154
5011
4955
2173
1851
9505
742
4985
3642
2098
4309
9921
2276
1658
5038
5163
1405
928
9830
4324
5686
5267
1020
6649
923
7658
800
5474
6445
7976
510
88
7671
9518
8155
295
4255
1707
3099
9727
2107
9343
3836
2596
2796
7805
4482
8518
1244
7902
4800
9403
9552
610
4976
1895
9658
3618
9967
9966
4541
4785
88
4112
6445
6705
251
5619
8963
1665
6650
6559
1387
8020
1344
4946
7434
4109
6638
5316
3359
5398
5060
6932
4020
1809
8568
5377
9569
1333
7845
6838
7805
6810
8019
445
5186
8799
7519
4324
1276
8776
2600
572
8430
2454
6021
1597
3074
2079
5014
536
3306
9724
8245
7205
2023
9713
2377
2203
6805
5143
7303
6302
7345
405
2004
6706
4232
8318
9052
5277
8270
9427
5448
1003
584
7897
3248
1035
1158
8261
1453
4535
1456
1108
3513
8993
9324
6376
6742
2968
7353
5004
5751
9114
9548
4488
1151
2675
3348
4704
9252
4180
9596
8198
4080
9999
4268
2673
7092
1375
9436
9989
6616
5172
167
1153
3859
9307
2280
2248
3284
1661
1363
7175
3339
1166
3298
8118
999
9221
9658
6042
6317
1820
298
5574
49
4301
3296
8145
5941
8284
40
259
7643
6292
8689
6281
7784
9257
158
4456
4407
7261
854
6350
1414
1262
3624
8259
1105
7196
5054
1567
8954
6376
6397
4118
7474
3976
2311
6702
2023
1720
5037
2065
6585
2618
3188
2750
5898
8254
8562
7145
7330
2492
8869
7523
3084
2958
2657
5076
3361
11
8804
9252
31
5246
8712
6570
3765
7589
7044
2156
2174
8326
8319
1877
6839
2635
2738
6036
1343
1614
5529
209
5978
6272
8246
9562
2418
8642
1617
5516
8410
8887
7872
3246
3056
8209
9583
6998
5615
4552
5229
9919
3438
1705
1315
4322
4937
3419
1376
2609
4329
8397
1430
3603
9283
3306
3579
6505
1018
9439
9293
3615
8209
4355
6086
7327
9105
6469
4999
9279
7587
1204
7028
4186
8156
6599
8684
5196
7634
2637
7891
1463
9550
6158
2621
4627
4640
6449
7529
5138
5129
7479
7768
5314
8570
5156
7369
9979
6711
4798
7859
4040
5143
1245
2478
9362
4698
4579
4190
7448
7879
7781
1661
8187
6769
8775
7827
7286
8598
3623
6549
5851
7412
2111
9239
1880
2312
8797
4991
7368
3012
9680
7592
357
2028
2601
4799
4972
398
2705
4798
8185
7148
2697
9891
9601
9815
235
9212
9887
9177
8192
9185
9638
62
7531
1965
4325
8752
3027
9594
3336
702
2319
8073
9435
3865
3353
4363
7513
7547
6404
8463
547
4772
4042
889
6333
5922
7854
4426
258
3532
6737
3810
3911
3675
2592
2719
9821
7574
986
1360
8256
5160
5759
1082
5741
3520
7635
3126
4736
7813
9906
6630
2955
5396
462
6034
690
5367
3220
1460
3795
6308
3101
4332
5412
5439
8384
6480
1125
7965
9845
8115
7604
1158
8756
3472
5663
5254
5051
8772
755
672
8190
5830
6739
5311
8985
4148
1397
5099
3633
1755
6295
2516
8777
866
1791
9551
4353
1812
6112
7674
4072
1352
8439
9756
3762
815
7269
7134
4772
3785
4280
1201
4604
6692
5874
9627
8718
9954
8218
1713
1145
1669
7857
7458
505
2858
6781
8845
7589
3488
6674
7328
3128
5491
7503
5583
5309
6521
1108
6685
1283
4361
3217
7290
6352
2051
9545
5609
9890
6831
741
4781
1152
1126
3461
1040
6096
5399
3090
287
4434
5255
2319
1028
9192
9384
3566
1601
7913
2980
7647
8455
1963
4247
7922
1761
3070
8007
2237
5920
7480
2721
3402
467
2363
3440
9896
210
5586
3404
5234
8152
7834
5389
8540
4906
2158
379
6809
9800
4378
8980
6698
3999
4689
7353
8817
3769
1258
5845
8547
1666
2085
9370
1964
8199
7132
6938
3133
6605
6148
7231
6448
4715
8899
5095
3532
5606
6283
8736
2452
4775
5508
4684
1593
5418
6200
1
4656
9702
984
416
911
5348
4300
3919
3408
7630
9528
3957
2056
6901
9498
610
9185
7695
559
6041
9683
4971
4245
5419
4242
402
1035
5600
6289
3324
613
7364
9636
796
3036
3292
3955
4569
1058
1940
1994
6890
8355
5431
7101
7438
4007
1914
8873
1541
9076
9797
3414
6414
1088
7663
8425
1421
3844
2213
8981
2824
9516
4006
6561
7279
3754
3070
9877
1047
7243
1869
1310
4657
1553
20
3489
4251
1200
7739
5596
2786
4948
5602
8024
9250
4495
8738
8507
7981
6353
2382
8777
8404
8559
2380
731
1124
4774
7738
3144
3087
9130
1022
735
2694
3671
9759
4775
6561
1416
2521
3758
5595
1541
4481
8413
8492
503
9126
4285
8740
5479
9280
2402
4241
3061
8952
9893
46
4229
674
2704
2552
6067
6523
1539
2205
8359
2156
179
7427
1155
4936
3314
2307
8778
5352
4346
720
1067
2848
5058
3288
4474
334
307
598
1728
1934
6676
9856
1913
6829
7986
7044
6555
4168
7388
1482
7718
5968
2106
5974
3239
8700
621
5950
3478
315
9233
818
9648
9669
2768
5004
8751
8060
6592
5637
2228
3124
5324
8192
6727
636
4161
8344
5270
6921
3550
2082
1001
3422
3919
3262
8646
2729
163
7744
4767
2604
1928
3029
537
5271
4729
4996
8584
4607
910
6146
7590
2973
3617
1186
3619
7893
4977
9847
967
4737
511
3335
2994
6250
6022
7023
228
2995
5768
6701
9896
9410
3219
2878
3499
9083
8866
132
3915
3722
9711
7218
9850
7197
5447
5032
98
2892
2966
3766
6146
7798
865
1055
7
8041
5843
8028
7286
6573
9055
4905
7717
6398
7092
3408
2153
69
4207
5792
5210
4546
4889
825
1955
9319
2225
9687
1302
7747
8981
5577
4892
9306
634
1741
9050
4046
3419
7338
943
2669
1149
6905
8106
6038
4001
400
3080
7464
1987
1772
3723
8234
6352
2539
1254
1921
8596
5572
9108
7937
9233
9987
713
626
5612
3685
2864
6494
9937
588
4164
2309
2310
2895
5387
6942
5245
5682
8667
8538
6483
1149
5792
182
1990
9851
7718
7597
628
7938
7217
2599
7886
2393
8780
8819
3083
3707
1790
8172
6473
7623
9864
2314
4142
481
6763
520
5709
4697
2567
4942
4692
406
3151
8603
6993
9454
5640
3088
9125
8709
8383
9419
7281
2799
9242
1103
4925
7011
3239
2461
1095
1999
9888
6049
5945
4946
9344
7723
2307
9594
7008
7975
3975
8059
8090
1404
7844
8008
1695
5822
5546
9633
3044
1441
877
7801
3046
9707
7012
9970
7198
7043
9808
7591
6672
8444
4586
3382
4877
9560
3493
1977
3657
5963
6675
6304
2743
7790
4724
6460
1200
107
2104
8442
8322
3052
5718
3402
6949
251
9077
8859
8393
4197
6807
8724
2251
8752
9462
162
3078
4885
9879
1993
1750
7836
2683
3865
8760
9796
8723
2319
606
9259
5284
788
8431
6016
1264
4822
7514
386
3572
8689
4346
4628
7633
106
9829
1217
9089
8968
2671
198
4155
8159
6253
6256
1682
7402
163
8546
3687
9124
7374
4674
9071
8836
8157
5617
7616
9971
8762
86
1461
1642
2119
599
7984
4877
2692
2531
8319
1582
4668
5758
4839
3391
5855
7625
3485
9528
235
7869
164
8465
2435
8132
6208
2924
5042
8741
1177
9907
4344
4202
8651
6537
5411
4607
2730
3408
8505
9913
2595
6054
2418
1025
6606
3660
6546
8124
608
8086
6180
5208
8572
1896
850
1989
3609
5298
6400
3821
4175
1082
6889
1953
7723
7907
3042
754
7874
5495
4490
5161
2835
2454
5779
6403
8100
8267
2314
6637
3534
9335
2289
9080
8133
4461
5183
8008
5807
8793
573
7199
7975
2814
8353
3281
6521
8810
7799
2739
8125
1672
9867
6485
2753
8001
180
3370
2558
6384
9530
7344
3757
6993
872
176
9474
5413
4236
9491
9862
1237
5724
5118
2131
4641
9299
6716
281
9604
6664
3591
4718
9669
9167
8211
593
716
7097
6439
4271
3454
9415
969
319
3288
3580
2532
3944
9716
3696
3928
1938
91
4624
1183
8057
2695
4595
4119
8862
5043
3288
145
1545
2706
8235
8261
7769
697
3062
7984
4219
1034
8772
2987
6841
5870
3201
6713
6729
1086
2941
2605
2647
5757
1583
3925
2077
8533
870
4103
7390
5453
3611
4790
6130
5637
2034
4321
5419
6142
9152
4888
5879
2968
566
1436
7582
1336
5851
7522
6427
7830
8360
724
8520
2305
9948
8068
4162
1567
3088
1502
1179
5
6437
5609
5262
4800
5145
7913
9901
9821
8185
2644
9510
1227
4528
734
1284
8251
5390
7252
6786
1985
4724
4354
490
7674
2571
4145
5803
6793
3700
5537
6778
2048
8090
7310
3583
5735
6771
2562
656
9356
8630
8583
5676
1864
5031
8759
7565
4890
5534
5474
5840
8418
1989
2619
4849
6012
7440
2624
4639
7750
102
7668
942
9376
8382
682
2380
8127
5733
7984
2427
5246
5404
2422
765
6034
9806
9929
2990
137
4319
8833
5211
9246
6640
7523
8512
7611
9918
9091
5503
4907
7372
8954
3837
8442
7957
5536
7670
6028
7267
1191
5377
1751
7373
659
926
5599
5930
4249
2395
8284
8837
5491
1510
9849
8457
2670
2173
5435
9211
5024
3521
5628
2007
5353
3945
675
595
5701
1203
8834
4272
5387
7669
1884
814
1813
8002
7569
3007
6012
5416
4151
1380
7823
7909
3030
8179
4208
1402
2080
3322
8539
232
4972
2845
7108
3431
6382
412
8572
758
6724
8608
2127
9612
8079
516
4557
237
3004
9152
7636
4504
3054
7872
1638
6749
186
6003
6892
7532
9679
8111
1671
6088
3616
2850
5134
6155
4415
1444
3881
6995
4967
5080
3161
8490
3206
1297
7778
1331
293
4993
2102
4624
7446
9341
4479
9729
5209
7324
4392
7
1995
2270
3176
7878
6475
1850
557
1672
4010
7535
8913
2319
9983
4396
3643
4019
2788
4603
8805
9673
9232
471
5109
8900
6642
4863
2203
1845
1750
6739
8230
398
408
9915
1379
8053
4930
8263
291
4
7795
2721
3751
4525
623
3535
1387
7194
269
4436
3692
2402
8545
3430
9607
8776
8630
7546
304
1966
6743
5515
7324
1543
5738
3690
8075
8857
1513
3536
501
7793
9679
3806
4864
1521
2156
8613
315
3412
7141
258
2842
1410
1499
5345
1679
9999
9430
98
5153
798
2941
9081
6156
3748
1253
6431
8837
6599
5492
279
2327
8068
2144
9787
8719
5295
5465
6099
7120
5333
3408
8407
6916
2286
8611
6269
1633
7711
6550
8028
7267
1851
1247
3649
27
7065
5037
4158
3428
5313
4566
7456
7245
4097
4780
762
6440
4380
3420
1117
5775
4609
7379
2121
6333
729
3852
6909
9152
7482
1626
7018
3689
4377
2863
1782
6109
4284
23
3164
7212
5037
9220
6704
3067
3067
7622
864
5792
3675
4342
4918
9834
7003
384
2907
7274
2855
779
2502
6353
8853
2695
6049
7800
7418
3249
4396
2390
5392
4325
5723
4434
5823
1425
8394
5797
471
9378
801
9610
5472
7246
8627
2598
9897
9069
8752
462
3789
1092
2187
5849
5891
6591
8341
6355
4084
6731
3592
5386
1816
8173
6128
729
137
8706
5059
4831
3241
6004
7122
2507
544
1334
3319
6822
2365
8013
3566
93
7437
9595
4641
6714
8490
8152
8987
3134
6922
6415
2734
9261
6857
6674
8175
214
7233
9851
1167
6029
2645
2273
5557
4966
9613
9155
7447
3232
4940
4388
5336
3660
9149
7123
8267
4521
2316
6021
4869
2526
4337
7729
8305
883
8471
5656
4861
8156
3194
1392
8241
7874
9711
5451
5680
6528
7597
2136
2230
9527
6409
3078
2818
6510
8609
2320
9534
6570
2334
5130
8697
2422
1884
3495
4549
7359
3653
1332
8460
1871
4841
6676
4573
6580
3930
5752
6933
5547
5396
8954
3577
6302
2186
9239
9056
1896
8315
8936
333
4833
9572
9563
4249
699
6367
723
3407
7623
6248
9512
8353
7204
3776
9355
4873
9685
27
6059
6921
3454
8229
8989
212
4411
8769
380
8021
1981
545
5485
2669
5858
1329
205
7627
4656
2926
7321
7235
3789
8117
2298
7473
9582
7941
1227
5318
2250
3414
2072
7297
8282
8691
5781
4554
7472
6131
472
1735
8113
3542
6788
7777
2161
9355
8178
7953
6745
462
6750
4244
4679
7245
8780
9070
5250
2492
22
4090
5191
6415
9971
8383
8246
1893
293
2639
2051
9844
8990
3209
169
5119
2464
2574
1265
5796
2256
7601
6907
49
9878
1063
1943
3943
7812
9533
5187
5351
6017
953
6081
1417
3552
2345
2691
7068
6754
5848
5814
9368
4820
8927
6104
4798
1766
5944
1896
8193
3818
3757
2137
8046
3973
5439
114
7494
5733
9635
149
2092
479
5830
5994
1146
644
6722
3095
8574
191
2616
4302
546
4014
9037
6931
537
5498
7890
5928
7653
8484
3163
4424
294
4174
8769
4668
4541
1572
9122
9341
7374
1989
6566
8567
8564
9122
5821
1445
2414
6545
6420
1903
4263
8894
6135
2717
9396
1439
9472
4663
5126
5426
7245
9563
7503
6822
9584
7785
4417
3555
1504
78
8418
7303
1084
6987
6604
8429
9648
1490
4976
7180
8336
8861
7547
1017
5409
3323
9265
1450
7239
5575
5446
8633
3129
7990
9836
2433
6993
3757
7830
4039
3119
6749
6794
1976
4141
6972
3061
9883
8798
9953
3529
6915
1407
9660
3538
6292
6079
7199
7126
191
9515
3261
8538
5035
7874
1086
2673
4178
5895
6812
5327
2101
8885
3341
1436
2701
7661
1069
9781
6127
4314
8855
4460
5515
9462
3791
7551
1378
4197
7760
3078
2001
3535
6397
5686
2830
4812
3958
6179
1550
6743
6697
66
5488
5717
674
1724
3178
6479
8257
7950
6542
7978
8743
6925
6344
1384
5324
119
4823
7687
6047
773
4805
8904
7003
9309
2885
5946
8291
500
2104
725
4794
4817
4700
1938
4625
7196
5218
5911
2046
8629
4634
9313
2085
8705
7533
5370
7430
5310
7719
6394
7202
920
3935
4729
3019
5109
5876
98
4376
314
6757
7604
7170
1521
3725
5186
8109
4770
9738
1082
9270
206
3145
9507
4870
1242
6799
8639
2064
4136
6390
1536
6061
3074
7570
6599
1425
9472
9807
8743
4153
409
2089
6280
4516
4133
8440
1704
7579
8801
406
8075
4814
6620
9373
8403
3773
8526
4994
7948
8383
1481
8248
3006
6547
375
2099
9125
5489
1139
8666
5149
6139
1556
792
1782
1733
371
7071
615
6110
2301
9753
9551
3258
6164
6332
4631
9774
2577
7897
1908
7128
4468
1442
6072
7368
6348
3686
2920
7150
3537
5114
136
4065
2831
4661
2018
1689
2285
5496
7701
1003
187
5240
3130
8335
4571
5065
2578
5454
2773
5929
9772
9149
2462
1319
7683
2577
2756
6926
9715
7182
2320
4305
2892
4704
5166
2901
7439
9445
9256
6613
4149
3381
7198
9670
6943
7423
8802
1849
6152
1569
1664
7382
5415
6387
7691
1626
2177
1009
1283
1600
6635
6835
2626
4453
5837
7643
8645
8507
9649
1723
5352
9836
3867
6896
1626
6025
7955
3038
7840
9390
9261
1770
149
9699
3322
8750
1967
2530
8487
8828
6397
2863
3075
7267
4252
1353
9007
5063
4553
4428
8205
6720
2753
192
8603
2897
6292
5826
2041
5714
5927
77
9557
8365
89
4277
8952
6146
3214
2416
4858
6487
3799
6833
4848
6800
3026
8577
2134
3462
8589
5100
9191
7399
358
4838
7033
2123
6270
2744
4006
8334
5517
9579
4308
1886
1695
3776
7334
6419
6203
6521
9644
422
4516
7719
7414
5023
7256
8113
6246
4575
598
3294
3746
4182
3996
3648
8824
850
8591
4317
8541
9158
7396
1675
5886
2386
8347
2135
1576
324
9451
290
5042
4827
2008
5896
2728
2148
3089
6670
5667
2691
4518
3159
7555
4768
5463
6404
3742
4635
4776
5270
2067
5485
8497
2497
7623
3725
6193
4271
9601
7819
8210
5901
4193
7100
2087
2918
9642
3187
7778
2298
4129
8473
1203
9515
8397
1592
3979
1220
7486
1914
9135
5303
8091
4120
2423
6817
99
4178
8469
4955
6213
7739
9027
3536
6747
8893
3142
6534
2513
2928
9967
2347
3988
6466
6992
9694
6421
9940
9308
8758
9740
3313
838
6707
2634
6940
5899
7519
9687
6261
3660
1841
7033
1495
6756
1214
5798
7185
6472
6428
657
2207
1532
4308
2256
4516
1506
4339
2606
5574
5405
7677
7324
950
3508
1871
5059
1627
3218
6176
8469
8538
6617
7666
3297
2052
9479
4907
4341
28
1393
8875
5069
2019
93
697
5273
530
4716
6286
5357
1268
9379
3038
2131
6013
8586
2366
1547
7386
9565
326
2642
7334
7985
2149
8400
3271
2369
8987
395
7843
1526
376
4233
946
9429
6958
67
3025
7010
7461
4342
6368
6514
1483
6051
3753
6222
8053
4101
8525
1283
2935
2418
7853
1175
220
4491
8994
9334
7891
1534
6553
2074
1142
3419
4878
3273
7864
9891
6196
3944
1018
8812
2559
3181
6665
7985
3934
883
2232
3958
4904
8647
5718
410
9666
1295
8188
3509
6282
6297
6229
1712
4515
7345
7562
1428
2765
6189
6937
1035
7008
5747
2577
1411
9141
8650
509
4065
5985
3533
9515
2290
7551
7468
9239
5036
6201
5277
9896
3683
6371
640
6599
4935
5876
1280
8984
715
6545
404
8967
992
6808
3398
7520
7408
726
8427
7418
1975
7845
8545
2577
28
2902
8631
3230
2541
9543
2069
2566
5064
9089
9309
6652
7446
7600
9849
2659
1297
8863
3508
6357
1543
7664
5813
3721
8343
5398
7317
4324
9303
335
7170
5150
264
1264
3740
2736
2146
863
4972
871
5113
8519
7813
7512
401
5756
7410
9360
5469
5916
4799
5046
9666
4173
900
6832
8523
9880
7788
5567
4102
2514
7636
5784
715
6739
4110
6367
7101
3717
8629
706
7785
235
9643
9695
5659
8171
4111
675
8880
4426
8730
2385
3255
1746
4888
1691
9584
578
627
5375
5014
5394
8971
545
1593
9474
4115
2145
1587
7310
6277
8345
1725
4496
4693
4838
4762
2706
7122
5344
8769
5517
2665
919
1944
5908
1060
6524
5883
6214
2800
5177
908
6516
2396
9198
7061
9376
573
9097
7161
861
830
7665
5736
7241
1877
3167
1025
2836
3057
7146
8690
139
1599
9677
1930
2534
5004
2215
1856
2698
9477
8511
9133
2875
4682
6802
3988
2162
5553
7387
577
2535
5158
1693
1471
1643
4272
9488
8468
9669
1375
1829
2151
6663
3554
7592
2130
7340
85
721
5490
9456
9495
1719
5035
7548
8953
6770
8745
8748
3459
9611
6449
3935
9968
7746
1510
8395
6698
5852
3863
458
6273
1127
869
2869
1108
5483
7155
2667
1186
9614
118
958
7818
4932
5644
74
8526
6770
6840
8738
8822
4269
5051
3754
5473
8660
192
8315
1222
7207
1022
6246
4153
7570
8400
6456
4426
1002
688
7974
695
6466
9743
8630
6833
7898
1906
2297
2652
9733
7895
5369
959
4998
4965
7930
8652
2199
3489
3696
650
9269
93
6014
9581
2747
6507
2646
5015
1193
2031
2354
1688
1376
2562
1613
8305
5293
8611
2558
9767
6640
3319
7378
3106
88
3442
726
4421
2094
3390
6558
7096
2074
8152
6309
3985
3653
8666
305
1921
844
6690
3330
3354
9213
1666
6151
7806
386
4753
2636
6419
2775
5823
3284
5715
1417
4565
8656
640
4301
9563
1993
4085
2107
7507
6431
5671
6133
4674
7870
4874
9271
3791
4970
8336
7293
3940
3816
2508
75
2530
5752
9109
221
3377
5154
7750
9196
420
7228
3250
3258
6347
8421
85
106
4482
1937
6245
63
1319
5218
1895
7487
3881
4175
9358
4659
1675
9187
8751
2878
2184
21
9920
3831
5953
8560
382
3301
994
2302
782
4295
802
7398
3675
6509
4841
7214
9150
2438
508
5071
3724
7446
9907
7092
3305
7620
4140
5550
2970
862
1833
7560
5192
5193
372
9201
5040
4073
8034
8843
5352
7688
9605
4111
6636
6343
764
4619
150
8687
886
8730
4460
738
4947
190
5652
5123
9979
6396
4162
1951
4087
8099
7858
1142
1437
7595
8448
6170
7642
2406
6676
9939
3352
9190
8540
7036
8927
923
1698
4590
3128
4039
1053
9350
8636
7680
2099
389
6043
352
1595
7941
4008
957
4704
5555
5905
5024
130
5422
5869
8964
7975
4794
4430
4717
2095
1216
3782
5603
3829
3590
6966
3081
2513
6822
8466
6430
7034
4142
9760
3808
5001
5588
2911
695
4601
4868
3556
5541
5146
7783
5759
6648
2196
7857
6636
4522
9049
9720
1942
7510
8947
8492
8246
3062
5149
535
1545
7229
2974
5986
1455
7774
9887
4353
6336
5607
6110
7820
9209
2190
1995
5067
3876
8407
9312
126
245
303
6845
7702
1761
7032
4897
3011
1354
8673
9541
1675
8645
704
4690
3732
5868
1631
3571
6270
446
6241
1605
560
2916
9151
3866
893
9088
3876
5565
4035
3422
9329
7600
9200
4972
8269
162
2305
3446
477
1644
6344
2234
6076
9162
5337
1610
9223
1863
8017
1775
2280
5232
6228
5562
5404
6123
5169
6247
8643
3921
9508
5435
804
9718
4793
684
1419
1002
5112
527
5600
9159
9745
1387
6324
91
9860
1709
3722
3648
4973
6342
4880
6566
9771
6159
4313
7010
5276
5901
4489
111
631
6206
972
3715
7717
5203
5171
1533
3116
6136
780
3098
7050
6094
7133
4583
2666
8570
2956
9761
3958
2935
9118
3512
8058
7510
4730
2
5648
9718
5129
7996
430
7550
7837
8666
3896
2342
5547
2224
3682
8246
5158
3673
5463
7622
1305
2644
9775
9765
3505
1648
6080
358
7429
2668
3588
2500
1667
8688
6899
998
6584
7818
7357
6397
971
6641
6902
2250
4870
5798
5342
1596
3410
4904
252
5448
6959
598
9158
4849
1741
2431
1904
6135
4106
5413
9727
2396
4839
336
3336
7377
473
1071
3401
6879
5530
5050
3188
4369
6233
9795
1124
4463
8740
3674
9277
8486
1185
959
5653
7475
8916
1411
2264
4590
4303
5911
8716
8611
428
3878
835
9435
8160
1903
9302
2521
3117
4154
3060
3521
7159
4651
4631
7347
1632
3860
4191
6533
3027
4485
6589
6638
9673
8271
334
9087
5051
2151
9330
1756
9764
9414
4056
9736
6882
5948
8824
1999
506
7076
5708
2812
645
6675
4092
7851
4810
3018
2837
4121
1801
3132
1861
5111
4610
4361
5813
7422
9008
8888
947
8876
3125
8355
5899
8588
6850
8540
946
292
3443
6862
3487
5080
2566
3838
4438
1132
3142
1440
2914
3766
2968
9782
3759
658
1665
2739
1313
303
6578
9982
9156
6086
8561
9682
9009
3067
8453
6690
3817
8940
5485
2266
257
9399
6590
9040
187
185
1384
8362
5901
6096
291
6185
7727
9841
4267
8002
8038
5814
2533
878
4953
4799
2189
1431
5740
6409
9486
1267
4865
5341
4749
717
5463
6127
6274
9150
5404
7110
6179
6891
3175
1259
7311
8472
1003
5563
7492
3114
3657
7783
990
6698
53
651
6349
54
9490
3243
8961
6721
2669
4792
7445
5419
2131
1474
8309
443
5424
696
8477
3256
8757
1676
6991
71
7573
3538
33
9663
540
2022
5025
5208
4044
8844
981
5954
8006
8963
4467
7234
402
9699
8394
439
2507
7094
3900
8875
4697
6611
200
3141
8716
5253
3256
4907
1153
5210
7700
6884
6885
2007
6272
9852
8468
8425
7337
2305
8876
1302
9751
6890
7379
4226
2096
9255
3953
4606
3994
7827
1804
8634
1466
8566
1902
1707
7309
695
8005
7848
2049
6815
1975
5822
5650
9416
2735
6612
445
1925
3608
4153
1394
731
5013
1768
2411
1965
8843
6894
3587
8789
4380
7906
5573
8206
2641
2051
6530
2527
1411
1888
2174
8338
678
1856
1352
3314
4402
2193
9444
6498
3631
8174
3815
7147
8044
1274
222
1502
1068
6233
700
6695
2014
382
894
8386
280
5775
2748
4791
1535
8293
2558
3585
198
5759
5144
9837
5616
8854
8308
1966
5955
8250
667
3021
8412
8268
1471
397
1128
5541
904
1021
8118
6083
6073
4678
5287
3092
1454
548
5999
8571
3285
2418
5243
3200
7814
30
3102
8500
4559
971
6170
7602
7265
85
2520
8496
2225
3712
9604
2805
987
9769
712
8309
8474
4174
4786
9207
1901
9369
3941
7511
4422
8311
3561
1432
3860
6295
9856
1825
2027
9471
151
7928
1293
5928
3028
6973
8711
3465
7442
5933
9114
8161
4071
8295
4053
5662
5710
5658
3804
6154
5397
9517
4519
437
9893
9225
5225
5806
6601
7921
1466
4171
2286
7154
5364
793
4982
3413
8039
2877
40
5249
7769
328
103
1597
8717
2361
2797
9107
6815
5708
8757
6720
7050
1872
8530
2920
726
6759
9551
8423
2641
5894
1347
370
4201
6204
6336
364
9283
9408
4489
9237
4955
4771
5182
4508
1112
9732
5029
4356
5403
1122
9879
7989
8148
6572
3348
8138
8193
5780
4403
1656
1444
2819
4890
270
5696
8566
7415
4903
6208
2069
3449
636
3716
8228
5758
5031
2297
2195
3385
3187
7699
1440
2815
4303
8633
7068
5503
3009
8526
4667
4636
2119
4007
3429
4824
9832
6334
6346
1246
314
354
4018
7468
7548
8025
8849
3083
4579
1443
5050
6093
1763
9628
3131
3266
9491
7453
3638
4135
9907
7167
4495
5212
8217
318
977
4207
2742
614
5884
6346
520
7517
233
5942
5832
4285
5886
4955
5300
5724
5180
613
8567
5705
21
3508
7332
2004
2428
1904
3970
7387
7301
5175
3569
5773
1419
9813
523
2141
1728
5791
5317
133
6831
9100
7460
3796
6925
1024
7181
4326
6142
7702
1733
3358
5156
2889
9559
8098
1410
3663
1204
9203
5135
2019
6436
3176
4631
1453
1994
5878
7355
8864
2006
3054
4647
5920
1925
5299
3412
2430
9843
9366
6500
9506
544
2976
6523
7908
1983
1403
6110
3479
2427
6477
3987
5746
7317
787
8152
2347
6745
6790
5951
754
2415
9692
7159
2264
8189
9421
4646
2299
2345
5648
3490
6095
4571
3362
9423
3274
5169
7587
5986
8443
7613
5997
7781
2952
1145
1
4339
1796
2683
336
1459
2121
8083
1554
3489
4807
5105
7799
71
1497
2147
1656
876
8592
4156
5497
7043
8206
5937
2045
4244
7313
2557
8374
2647
8843
9284
6248
6268
1722
2196
6776
3448
7528
8135
9222
6698
8961
9669
4916
6396
1484
8567
8578
1189
4649
4054
6424
4155
6166
706
1167
1814
9453
398
8236
6815
77
2601
458
5287
7155
4152
3683
6724
6580
9902
5642
934
5178
2925
152
6648
8906
4310
9746
4866
3102
4781
4963
2667
4547
616
3179
3948
9553
6422
1636
3472
146
700
2940
4615
7057
986
4020
5706
7569
3997
3572
89
5719
7101
2552
4063
8213
9879
1500
4711
8131
9829
4847
8408
4156
3896
1351
7340
8066
2296
49
4654
8287
7634
4050
2
5450
7856
7023
2590
4642
7543
9110
3430
8858
4298
5672
3318
3201
5915
8371
4552
2861
578
5215
8005
4051
5414
4069
9848
3893
760
5239
2702
6456
9311
8208
6426
8289
5117
3705
6645
5724
9281
8437
8402
1673
8982
810
2128
3876
2073
4973
1336
1390
8023
7464
6054
3469
9957
106
9813
9949
4345
6123
6387
2417
3606
1194
7396
6170
2053
9750
3762
5715
2702
517
2977
1335
6630
5604
2897
4111
5715
4092
9661
5676
4906
525
6976
8173
8105
1578
1623
9230
6433
8384
6369
7373
6891
3364
7459
9962
1916
4793
9721
4218
2003
426
9767
3912
9823
5594
1901
5465
7949
5141
5145
3674
7358
3315
678
9416
7592
4793
9106
1868
9859
1499
9917
9713
4084
4386
8253
1443
5638
4630
1950
8422
9715
4056
9687
9920
1299
3983
9593
7316
2332
9629
5776
9628
4247
6557
4924
4498
4547
7035
9641
4571
3395
9455
4953
7761
9570
4840
9652
2283
4151
9681
4182
507
3507
7907
2791
1027
8247
2359
200
4917
4419
3462
6568
9142
6985
8127
6790
2767
3072
4884
689
8352
4837
9697
5132
7824
3675
3801
7037
725
8307
159
1236
8444
8311
7679
2425
8102
1664
7975
5966
7424
3175
5333
1235
1933
2441
6830
4473
1330
915
3879
3390
1213
1965
5892
711
3011
6227
3419
4732
2149
7534
9252
9532
7678
3970
9119
7250
3932
6944
5506
9055
2072
9580
990
8263
8419
1721
9821
9256
8911
4415
2426
8580
8440
4703
3388
7632
989
8365
2048
3668
8159
3388
3827
563
9845
4568
4025
8597
2824
1309
6317
1616
9154
5205
9941
214
4942
2190
6448
2167
2252
6041
7167
2582
9476
9615
9438
6041
5220
638
9918
3339
5079
2657
6112
1724
9540
7870
383
7448
1232
2585
7738
7156
4081
6230
9934
3780
9169
7116
9516
922
7819
9173
5180
4602
6997
6545
9757
5257
7961
9338
5239
8099
2738
9010
8991
7403
9200
9144
9431
7565
7959
2938
5136
8319
4842
1076
2924
3207
8592
3015
7556
1558
7953
9253
2227
3762
1759
9481
6078
2641
9331
6291
4480
9521
9954
2433
6997
4852
9196
9561
1443
2025
930
307
465
6790
4657
6179
2469
7969
287
3811
2509
3870
5025
4896
3369
2339
6806
4027
3939
1751
20
2432
509
1208
6669
8163
9974
1132
3341
6406
4792
6720
8819
1143
7265
8780
5562
8086
3419
8423
3635
6341
6778
2615
848
8056
4098
3232
8399
7211
5811
8862
2897
4819
4898
7086
5478
1388
4197
2006
9607
5970
5498
9141
1264
6396
5796
757
1656
994
1412
1117
8894
8079
7456
6979
3410
5105
6530
6335
2653
3213
3504
8762
8957
3792
5267
9317
9937
4401
4406
3926
8958
6370
5581
1309
1100
2309
7183
8998
3280
2490
2642
1255
1446
5270
7090
6632
490
1440
4365
8194
9843
6710
8878
9872
3229
9932
8676
8754
4850
3044
590
545
7637
7641
7317
4461
7882
7301
5126
3841
6389
7315
7210
6584
941
2463
4580
9001
3309
9817
3847
4222
6183
4840
1825
8627
7733
3851
1000
1497
6030
8314
6496
7850
273
5532
3590
5990
6272
5426
4859
4252
8268
1216
8160
1141
841
5148
6955
171
5423
7631
3364
8791
8796
7864
3838
5895
7097
4976
6821
8798
1351
3736
1136
6533
5493
9614
6851
1807
5570
9551
9429
1547
4793
6598
9496
7714
3550
7330
8570
6192
7875
9686
2823
5984
6279
1018
745
9952
7580
9391
9885
1316
5619
6816
259
8390
5062
1572
4178
8235
6946
2064
2517
8832
3087
4360
6374
7459
8766
4214
4966
7198
9598
6387
1542
127
5162
3299
3733
547
6050
446
438
9424
6725
7352
7036
6434
9304
9697
9173
4733
7238
8824
8593
7041
2211
6843
6846
4588
2030
5098
4018
9913
5011
9178
2387
2374
3035
1093
8598
6819
5073
6526
3122
3270
337
2386
9200
5260
3214
8842
7138
1706
9488
2653
4893
9249
2761
483
5908
6320
5411
580
9042
387
1464
462
9844
9786
957
5094
9632
3604
8891
4309
2694
8074
5755
5444
7154
4312
622
6707
3563
3590
182
4402
1788
4421
6389
7811
2860
2628
4048
9958
2843
7842
95
1716
2443
3294
899
4760
920
4299
9173
3767
1126
3647
2055
9584
6775
3162
8217
6527
9413
3380
8507
7339
1346
1199
5994
5519
7321
1932
5657
118
1008
489
3964
6079
5597
1672
5188
7008
4034
4811
7874
1351
6294
3739
122
7436
1298
6167
2230
8674
8916
1626
5139
8172
6851
7477
4076
6332
3153
7660
2114
6631
2502
7053
2308
84
7854
5338
7185
2451
4897
1368
2823
5882
1930
9600
3894
9771
7895
4418
1191
1489
492
3210
355
4089
9828
9195
4465
5310
7382
2519
7903
1612
7616
1216
4635
7974
5666
761
6943
1267
3529
9414
3000
723
6454
5139
9393
7152
6171
9904
6881
9264
3713
3881
6125
86
3305
4787
4907
7944
8797
9042
2276
3803
6994
5288
5669
2458
7117
7401
8787
7574
6479
10
4648
6903
8606
2775
2142
3089
4865
7907
2311
3794
8711
2122
5783
5015
7173
1699
7630
4574
2490
8913
1926
6471
4241
9625
5541
2643
6867
7005
335
719
4966
967
2748
7114
7365
754
5761
8369
1421
8785
7758
8747
3250
1459
371
7104
6268
6654
9824
8486
3249
1960
199
115
1488
3973
2592
166
9111
3691
3465
481
7474
3601
9544
2287
6785
8454
1919
1363
3412
7165
4906
6657
4950
9990
9863
9013
4883
8936
2083
5729
182
5947
6701
2997
3140
7282
6953
8855
7295
3669
4820
3794
760
1517
4783
7418
6996
3288
9562
2349
6474
4988
6206
4949
486
4952
9174
7771
4125
1078
4075
3093
317
5085
3563
3888
1504
4019
8502
5417
1710
1168
4740
3476
1787
7837
8550
7264
9316
1819
3624
8258
4097
7505
5055
5678
7928
8973
1877
8964
302
8907
4526
630
3434
6515
4677
632
6264
9773
9240
8128
1271
352
1966
6733
6064
696
273
1028
4563
6117
5835
4278
4751
8528
4017
2397
3342
537
470
9333
2379
763
3822
8679
2097
9281
9024
1057
2065
2546
3702
3713
3999
7080
5940
2960
5274
6351
9507
4475
198
6216
8537
3053
5576
8637
5623
6153
6077
6959
7055
1730
583
7963
1071
4861
4934
1147
1422
2398
8990
6040
6482
3424
730
2205
1244
2129
6718
1384
3713
5497
7025
9577
1669
8027
5983
6285
7574
1443
73
9812
5154
9552
4903
2670
6
155
8636
740
85
4837
468
8627
6033
2464
6717
1875
8681
5316
2862
1701
7806
6977
120
4892
1683
9924
6072
8211
3218
6706
3846
4620
997
8001
6622
8648
3927
3062
3209
6594
7128
25
166
9717
4646
6037
2810
5726
6735
2972
5537
7917
4480
6888
9327
7349
8232
7243
4952
2755
8318
2888
152
9483
1483
3882
5153
493
438
5682
9583
9623
1291
7246
6441
9124
6454
9685
2646
7618
7794
8175
2936
5521
5225
2977
1274
2839
1958
4486
3874
721
3103
6665
5267
1492
4184
464
1555
7506
4278
9634
1427
2632
2674
2808
4016
2995
3509
8817
7652
8850
2982
3024
6682
5335
6717
4561
957
5512
9939
873
9275
6306
4120
5274
2411
5725
513
4517
8296
6042
8188
8362
8377
5016
1569
9771
9439
2614
3527
3616
9818
963
7167
1779
6280
6738
2497
9851
251
3194
466
9366
3334
169
8799
5166
324
1208
920
1951
6517
7449
8092
7647
4405
5309
5660
4555
6603
3426
8415
6643
5115
7625
3522
2684
936
358
1769
4164
8826
5345
2775
8898
2679
1754
1574
7690
1394
3929
1379
6688
3309
6243
89
8725
2075
6345
4840
4829
1447
6106
6225
8657
5498
7864
1906
3823
3229
7192
2681
7999
1852
7123
5174
2561
1779
5386
9889
6706
1288
2230
1077
5310
20
221
824
9615
3823
3681
56
6035
4967
3266
9427
3355
5213
4612
1266
1184
7436
6107
5300
6129
9303
1378
4467
3335
4605
9388
6485
1593
27
3010
4914
4939
7871
9994
2364
945
7365
3800
2351
1906
5280
6319
3895
3160
3910
5664
8697
9939
2552
8979
9199
3853
4749
3939
1075
376
9098
8980
9670
1124
5376
8432
2750
9725
9186
462
6810
2688
7057
6644
2291
3742
5413
3507
6802
2170
2187
2657
4264
6988
6182
309
9789
488
7507
602
2744
5672
2605
9366
7992
22
9561
7909
4397
2198
4991
3342
6
5392
8566
8743
9704
843
4619
5396
3591
4485
7582
6923
6148
4015
1369
947
8323
1093
765
6459
3016
4780
1066
5431
2078
8275
5611
1652
1235
1596
4589
941
7684
3140
8682
678
32
8766
8117
2342
7371
8078
4884
7954
5202
8160
7941
7251
8885
5305
6575
2346
982
6166
2822
7034
6285
3953
3242
5731
53
578
8781
1807
6119
2081
2767
5141
9248
8857
6840
7659
7394
376
1361
8745
5220
5908
3151
5161
807
3592
8717
106
7686
2747
2517
8211
8456
8897
4490
6932
2566
7147
2373
6681
1699
2442
2074
3912
7261
2785
3591
6425
1839
5624
9945
4693
3584
5533
3178
4295
9020
6965
1483
5664
5580
4864
9625
7383
8548
1450
6191
5484
6218
4973
4792
5501
4878
5988
4112
850
6106
235
8518
5379
1447
6786
5584
2074
9497
8176
3931
627
6185
6692
4572
6576
8269
8151
6136
2408
5365
8397
8429
9471
8901
6075
1867
1889
4922
1682
979
1096
2171
8761
8170
9406
2046
8409
7657
9948
5171
6657
4597
2816
993
7722
4726
3741
1547
2725
3446
1245
9455
7729
3607
3329
6715
6632
5729
1513
9052
3145
6296
6286
8740
6944
1030
5469
6039
4721
6506
5551
7442
85
6716
5235
7177
7387
8059
6525
4604
5631
8406
4615
469
3192
5955
9925
6592
1386
4927
8743
5079
5948
99
1384
9609
8757
5951
420
4679
5168
6021
3798
2331
4446
2485
3838
709
7818
7377
9458
6291
8119
7644
8876
7980
8838
8004
3201
2905
340
9960
4497
2080
6016
7736
9418
8687
4746
5992
4375
1058
4359
6704
1222
5440
1697
8579
2247
4872
6476
3706
4113
6020
2547
8333
9135
1223
7136
7629
1431
6104
4874
1728
7898
923
1385
9434
6887
664
9157
3397
795
3067
1100
4781
499
2599
7539
27
802
9879
7556
9291
9853
3379
7877
7228
4324
2427
2601
51
2123
8179
8048
9996
8999
3771
2362
1295
724
2954
7384
2683
2946
3303
5603
6386
1985
3635
7814
7840
4881
1302
6102
1976
2460
9668
2787
6157
639
9884
8870
8762
3891
5549
3370
2880
1802
1557
5047
3994
8629
8824
3961
2157
1667
1769
239
8609
2323
4504
8880
1286
3370
3048
296
229
4336
860
1151
8485
8949
3661
1419
1287
8065
5130
5996
5534
5513
3261
9605
2222
4606
2742
875
9904
9503
2823
6725
7503
5470
1738
1187
2034
2864
98
8203
4022
9070
6125
4191
2967
8553
5779
5483
2108
2827
2431
4154
3388
7976
3974
3784
1712
7874
1384
5473
1847
5212
4786
3192
2960
2550
7006
6965
2935
2024
8360
3654
7295
2858
493
7702
2232
6799
7362
8682
4078
8834
7278
4760
3758
8281
4774
3763
6997
5222
3203
8705
6982
2877
6641
9453
2296
4255
6694
4632
3274
6132
3597
3867
1812
6760
1311
535
9467
6940
382
4381
1456
7373
4413
330
8359
4146
6910
8618
2287
6607
1897
4830
8338
6790
3734
4040
3546
2893
3496
9074
4062
6394
9110
7966
4232
411
6951
6280
8917
5363
5434
1512
5208
943
767
7252
6907
9526
6868
1986
7555
9726
9392
7819
8398
8252
9622
9435
4636
4275
2071
8773
8039
382
8967
8196
9297
8200
3914
4428
1881
8952
6810
6078
6153
6363
1128
8058
7022
8761
3852
7343
9621
9738
8939
1806
8367
2593
7877
3549
5905
1958
3063
8807
1482
5330
5395
2016
7985
5267
2522
2039
6395
4528
84
3588
8614
2086
2508
9648
8054
6368
7322
6020
2905
6869
7854
6586
8376
140
2726
5856
8636
9562
1196
571
4363
828
3487
551
2606
432
7373
8412
8896
301
4026
589
2869
3556
9471
107
2964
1598
2369
7894
3427
8356
5789
9875
1405
1726
2366
600
7635
1795
9962
196
9612
7055
4783
9677
5226
1651
2725
3089
2267
8341
8000
9710
9848
8184
2757
4045
6846
4999
8790
6568
8822
2875
5340
4493
8275
7341
2992
8314
8168
7076
262
3704
7091
527
2502
2997
9258
7583
7240
505
4929
2828
860
5690
8292
3784
8051
3963
1735
6096
4349
6415
8904
3758
3728
7835
1629
6620
913
9930
9664
9939
3059
6250
308
113
9433
6515
8034
1561
6361
2440
6309
2964
1664
2214
6046
4038
8732
137
3460
6716
9033
8574
347
7409
331
1811
3008
5983
9029
27
9999
7730
6804
8110
5954
3128
9228
4252
8422
1797
4044
1714
651
6147
3792
1493
24
2711
4435
5452
2088
8143
799
7050
165
6983
4483
3992
3375
9642
447
6322
4905
6022
9823
9352
9969
9000
7650
148
2250
7511
1190
27
1800
2140
1697
1948
455
6783
8062
6182
3463
1213
4883
3767
6952
6677
4523
5710
6607
6178
7413
178
4194
338
2871
299
2646
7606
880
9966
9250
482
1657
4343
7135
9396
9287
5935
143
209
5889
4076
6230
235
3912
4535
9034
7503
4407
7721
6691
8986
8312
7823
2286
7404
1249
7981
2148
4229
9177
4079
7682
1579
395
122
3428
9678
950
5569
7875
3778
4238
5203
1705
9852
5107
7761
2269
280
5227
9981
5871
8775
5407
2591
17
9062
8031
1073
7071
137
1251
9306
2013
8118
3743
5800
2796
4702
561
3062
7929
6535
4794
221
6530
8436
3687
8519
4758
2694
6044
62
1096
747
2396
8931
2638
1253
4023
3531
6476
1542
2224
1636
8281
6327
905
9653
8683
4856
6781
1987
5476
593
2826
2240
7240
1719
6202
4429
2969
1675
3276
6497
5057
3836
2836
6258
8155
4589
4363
2255
3551
2417
7716
5296
8264
6274
3005
6021
4772
7104
9038
2108
2551
231
2161
8798
2188
2010
8173
7032
1114
108
5889
3464
3774
3805
6506
7517
4555
8353
913
1553
2154
1100
580
4467
6879
6618
8031
2972
4747
9563
8855
7844
3704
8011
3203
7917
5396
6832
8967
7532
8428
1309
9006
5000
2292
8275
9331
7595
209
5158
1292
1637
1588
9006
1988
6880
2851
6292
404
3103
4981
6204
9293
303
3017
8835
3924
9087
9523
7613
4618
876
5109
1601
2375
6901
5158
209
435
782
2098
7953
2880
2159
2350
4872
5176
2764
4486
8708
3854
8352
9957
6344
5011
4834
3519
5489
2136
5626
2638
5910
6939
6909
8728
5261
8336
2739
553
2507
8973
7386
4626
1459
1458
1539
2958
7472
2595
6491
4141
1134
8931
9844
9679
7906
5983
5665
5390
2249
6276
2913
472
8046
5181
7970
8616
6485
5453
7447
7184
7285
934
7524
6133
7859
9524
4982
8567
3993
5722
8287
492
9301
7334
9039
2520
1006
4530
5247
8186
5393
6394
8807
9638
809
9382
4640
2491
8445
2467
5139
6848
852
8418
2159
6128
9475
8316
5578
5246
4855
6512
3935
2327
9886
8299
9318
51
8832
6963
9745
103
8923
144
5490
1051
8268
9911
9562
2675
9241
3573
7212
7868
5259
2532
4160
1972
5705
317
6804
8758
7983
5978
1005
4609
2813
1686
6171
9205
3436
8532
9226
7737
8284
2617
4421
8779
1529
3303
1301
2117
6828
6598
9143
2312
2718
5121
1067
760
8023
9243
5400
8052
452
5356
5789
6064
4134
9596
4179
7233
4359
1098
2239
9108
6456
1993
6243
6267
2326
3336
9108
6229
4492
8860
6742
9625
8481
5869
6115
767
1809
7690
8347
683
4874
1689
3940
8087
4141
8207
5299
9531
1092
2360
6723
828
2627
932
2050
6350
8599
159
9356
6279
6107
8747
6526
7682
6585
3771
6380
7149
6253
9550
2927
1871
3285
2358
7462
8953
5237
9093
413
1080
5800
4147
9211
4068
9600
6479
1477
5817
7550
207
3008
4143
4781
6741
2836
9320
2169
336
3772
8981
4845
7388
73
6437
3066
4023
7046
6524
3155
881
3831
9931
693
4159
1994
3730
5541
9356
4736
6463
7185
1453
5701
6849
3048
1231
9066
7102
8549
7152
8548
5133
182
1878
5262
8960
8476
2272
5353
706
1579
1079
4819
665
257
8400
5877
4520
3636
5425
7959
6228
3299
6621
6846
5057
6430
1998
1062
2872
866
5998
9338
6071
3948
674
8096
2229
7871
7572
226
7376
1057
9323
8439
9765
4479
8137
80
3067
6097
4641
9774
2237
4137
3618
7008
4162
6804
5781
5562
827
9891
7103
1218
8024
3907
275
4164
5799
2888
6519
8854
2746
377
2545
4229
2980
9636
8495
3950
8704
3250
5008
3769
6621
6037
289
2415
9338
894
3047
1756
5370
3356
5350
5567
1316
7967
9213
863
954
5194
8319
9976
1076
2230
8862
4323
5417
3731
9557
2307
281
5193
2146
9612
9785
6621
6382
5854
4011
7616
8731
6943
9914
3793
2745
9062
239
7011
5060
7379
2131
617
334
1629
2018
7693
2436
227
4440
4080
176
8004
9899
4091
3851
5467
6324
853
3484
4833
6059
7037
3346
710
1150
3895
7066
6202
2381
1156
2749
5942
6630
6249
1576
6936
4824
530
3417
6331
6374
2255
4292
8117
6186
1612
4863
1770
4866
47
1232
9645
8252
2651
7009
5111
6282
5681
7725
976
5970
9366
5898
2634
6197
3167
4323
2734
2186
1128
6272
2078
3174
4693
9828
1001
970
3472
2035
2653
6920
8353
2430
582
6419
1612
8429
6997
3843
1651
9575
7468
9378
2492
1217
4069
7846
9422
3665
4354
9179
261
9293
4512
3852
9029
3877
3333
7262
891
9706
6968
458
5822
9849
463
9156
5588
6920
7171
988
3522
3916
1489
4993
6844
4021
4442
4653
410
2486
7833
2785
1659
1813
436
461
563
2219
4364
7932
96
72
2367
8986
3418
1126
4557
8899
7817
3736
4535
986
6465
2048
5747
6194
2248
4250
2220
4029
9512
8024
2871
3678
1583
4346
9760
5053
3507
6889
1106
4742
8740
6465
6278
2526
6506
6153
1219
900
7933
3840
8804
5168
932
1430
7671
5867
1461
3476
1681
9626
7994
5609
383
2248
1797
1858
3047
4974
9658
5508
3437
5378
7531
3385
7233
3258
3921
2565
6278
6267
4902
644
7278
8722
6463
8035
8192
9086
3126
9703
6780
9769
6007
9533
9045
657
480
895
5789
903
2795
1232
3774
9074
792
2276
6612
8481
3635
2911
3673
1148
421
2825
3016
1077
9303
2250
483
865
6209
3288
816
9517
1072
154
78
4414
4662
7143
5814
6857
9563
1760
3036
6460
1169
5815
8164
8247
2245
8027
9713
8090
3137
705
2472
9997
7535
6384
9524
4422
5960
4041
8435
9258
4971
8929
1022
4579
5177
4957
245
6602
8780
6393
3865
8130
4200
645
2403
3009
6458
3852
65
9899
8861
4594
8993
4860
1787
9369
7158
6402
4320
8768
4360
8821
6235
4425
9512
9604
2206
5557
2896
141
68
6479
8377
2841
2578
9570
8790
530
1238
5527
6718
385
2412
799
5911
8248
6288
4009
1630
9913
781
8096
2579
7985
8324
708
7936
3093
4280
8148
6618
9431
7126
6741
5889
3493
2851
9490
3730
6462
8877
3856
3899
4658
7363
1611
6318
4821
9952
5891
1663
4383
8627
5501
5912
4403
4362
6583
796
9434
7869
9564
1495
3243
4919
3648
7860
1914
6526
4201
9049
5946
7556
1882
8685
1840
8214
4605
4314
4854
9585
8619
1373
8776
5285
3867
4267
6158
2962
7478
5645
3591
5839
9683
7179
2062
1641
3716
9175
8604
9848
9291
9008
6169
9070
9242
568
160
6952
1430
8351
6959
535
2343
4318
9864
9000
4239
5039
2551
2495
3444
4041
7823
9331
2652
3770
8611
2578
7092
9470
9518
6213
3789
6028
6304
4031
5683
6399
694
3807
5931
7809
9109
6628
9673
4723
82
1376
8459
5850
5873
7269
2518
6068
7976
6493
7403
8601
2062
6982
7301
9724
7814
8201
5665
7647
3938
8251
3434
4550
2662
1437
5409
7332
5067
1214
310
8675
6924
6241
4005
7663
8832
3097
7615
8513
7636
1232
3172
9802
8692
615
7338
9029
2630
9416
1389
6671
5108
8359
8483
1618
5492
3447
9307
4141
6549
1129
6577
4495
4616
3566
1760
114
4601
3006
7717
2037
6456
1410
7003
4834
2568
251
3689
2974
948
8773
2036
6318
7305
3062
2722
6455
9732
7025
236
6878
9848
2711
6975
4718
6396
5933
1520
4647
7103
4104
2713
2932
809
2453
8965
4037
6463
7477
8451
5723
9314
3653
8042
7618
5141
2828
4058
5112
2025
5566
7834
2028
2648
9806
9572
8194
8122
6528
5849
7027
4998
7292
658
8464
6841
6078
1236
7255
7260
938
4927
4783
4997
1852
8627
8030
749
1566
2800
154
9881
4484
6713
7147
8135
9217
7059
271
2615
3212
3424
7656
9299
2716
7730
3040
2221
6064
2078
2780
5108
5052
3071
2991
529
5102
1748
4325
6964
8479
9655
1952
375
9573
8315
9087
7419
36
5297
6634
6151
2484
855
4107
8458
5374
8030
5366
8393
9137
1910
313
6377
3521
5704
5070
7803
3279
8719
6573
1471
7459
4
4350
5126
4229
8501
5389
7480
7724
6354
5206
2030
1150
7524
4976
734
4566
4073
8198
5297
5731
8864
8000
7538
9437
2829
3168
965
9234
2890
969
1969
4767
4379
9482
8267
858
5516
5127
5537
2876
1257
6312
8192
5180
7130
9595
5795
790
4536
853
1064
2219
912
7142
3648
6402
6580
7915
2515
2428
6760
6476
542
7893
9680
8837
7034
1255
2739
4818
9898
2984
8187
1844
2721
3699
2252
1904
4541
1092
4463
7127
4996
7485
171
160
8841
854
9806
2097
6315
6961
9501
1260
3515
5547
5782
4438
2648
1183
8174
9187
5464
1588
5916
7149
6229
5447
4689
7348
6273
7251
1778
1391
7528
8252
4851
8800
2241
3628
9890
4326
7568
5573
6445
6572
1451
3157
4641
6127
5575
7447
6961
4284
1934
2309
5263
5576
239
6843
3386
6633
7859
5128
1796
5505
6999
654
8670
8444
5867
9896
6066
2751
5941
4395
1805
9360
7347
7861
2903
6388
1212
1042
7792
3715
449
1086
3225
3032
6101
3349
3564
9940
117
6037
7097
8499
2470
8661
3439
8998
2571
3887
1155
8623
1200
1096
9711
7180
4966
8081
2666
3050
5226
8342
1536
7082
1988
2356
526
9793
3545
7015
1676
4218
3502
6448
7159
4358
6170
5110
8170
6356
5014
7380
7752
6267
8323
816
3897
4275
3608
3388
95
324
9447
4581
6467
727
7723
2745
9953
440
8833
1926
6013
925
175
653
2528
8944
9157
9717
5955
7864
4671
7579
7750
6678
3252
215
286
91
5726
1787
425
8807
3766
3620
8415
3388
3147
5747
6359
1041
8079
4885
8691
643
8910
942
521
3125
2156
4021
6414
4584
5530
8761
1041
7397
1893
5665
930
2599
8139
4464
7293
3687
346
4599
1159
7807
375
4853
8388
8111
4632
4810
5042
9758
31
2393
1813
6920
8659
4395
5920
5798
524
6817
2957
6012
9627
3073
4505
1227
7172
2673
2799
4743
1145
2978
1743
3602
6932
1444
3627
6711
6224
3847
5326
6851
2357
6225
5033
3518
6846
4684
4331
6664
4536
7703
5357
2766
2314
5628
7207
2027
4556
7362
3906
8075
2325
5769
3339
5147
133
1010
1841
1132
5227
4497
7499
9399
8308
9531
6585
9706
6481
5961
3973
5409
4611
9727
8341
319
6854
6694
9393
5963
903
7285
3099
7864
99
1151
8432
2605
1470
1429
809
4723
7741
1980
6766
6397
64
8985
7784
9825
4624
1337
5249
6372
3088
1374
9259
1797
1491
3459
5193
7679
1834
2832
9966
8098
8056
9577
4144
7019
9300
4161
7416
4192
7802
4492
1722
5896
4015
3761
6155
7079
3614
4350
4371
8951
4420
4039
8689
7745
4724
3846
8949
9147
1544
4422
6094
8796
5910
1963
6945
4923
8010
5608
1346
5750
6517
8708
930
3998
5186
535
9574
127
8817
526
9615
4269
2082
302
9131
4089
6671
6885
8136
5684
2806
3099
1840
4907
1506
2072
3142
6992
9013
9648
4155
8441
2804
8585
1500
3217
2799
3101
4572
685
3099
8875
2394
7625
6462
3335
2559
1825
6327
5522
406
5900
5223
6644
6408
2530
9776
7878
6051
3518
2808
6668
4470
4718
1881
4943
3500
5959
2153
4217
5602
5590
4722
1145
4150
1505
6493
4679
1487
1228
4927
1010
9955
6728
3568
2340
1561
3222
6707
5223
4364
7577
7463
9184
8568
1976
7002
3754
6500
7363
341
9214
2236
6093
7496
9134
8073
5304
8610
5041
6335
639
5212
4328
2340
1564
5315
799
5128
6442
8513
464
1781
420
2631
5857
1668
2156
9065
4269
5481
553
6534
9136
1661
4455
2466
9868
5686
4546
402
8745
1589
9629
9491
7290
4283
8764
5559
8202
4361
8451
3917
8244
547
4565
924
4786
8255
4062
4875
7742
7104
1260
8672
244
8426
8584
916
6840
8257
595
6992
388
8371
3227
3606
4330
5454
1629
7341
2296
4623
4628
7994
7177
2600
7343
2120
615
1229
6577
5989
6799
2636
2962
3096
8445
9350
6803
5378
4774
6734
6207
2112
3381
4877
3228
3354
461
8880
497
4092
5997
2527
1074
206
8081
4634
7558
7441
9157
8322
4602
4441
5540
9361
7870
1394
2799
8391
9725
6432
314
5682
2394
6503
7872
393
5973
1395
9782
5221
3501
5589
9213
6972
5040
1019
7297
2652
3550
9355
2175
7345
7644
9068
2051
2291
2900
6544
4895
3151
3065
3858
3543
1967
4904
1000
1497
6473
8154
133
1099
2849
502
6846
6509
4764
995
150
9853
7602
2475
2393
5097
4111
7484
3169
6094
6246
5144
3576
3776
2162
4988
4523
9075
7451
5533
7768
6805
6993
8142
8868
4094
24
1902
8890
1104
5073
8351
691
9593
6048
9233
9503
4071
3775
6733
7358
1115
9998
9614
6814
5542
8405
4265
7329
4320
6553
6701
1754
4215
5366
8181
435
9908
2879
9835
5038
9306
6463
6455
6487
3624
27
7556
3058
9470
7558
2819
1990
3308
3488
8250
4341
5109
1708
8500
1367
9218
5933
6396
1234
6243
7100
7380
9416
8625
2793
575
7309
9519
8427
3263
8356
1023
2885
5208
3157
4273
1128
5572
2892
5813
8991
4032
3521
6290
219
6819
7232
3023
4459
846
2101
8078
3047
6639
6310
3865
4985
7440
1036
3316
9001
7500
9790
8562
7140
1346
4236
7140
936
226
6678
9980
1711
4468
5751
5663
5221
6136
5457
4425
7175
5799
5014
4011
2586
8841
4912
1583
1909
448
7854
4044
5133
5442
1499
8933
4411
3524
8156
7403
9643
4977
9350
2691
5140
1946
1194
3955
8671
7431
9855
6037
8614
9995
5226
9406
9386
7334
9435
8680
8928
9173
4999
6427
8186
9428
8254
9643
1278
9571
57
1355
5845
8422
6386
9823
8674
7238
9103
383
3260
4789
3260
8567
106
6431
9044
3803
6027
5211
6588
1352
8319
1409
284
1942
8549
5462
7162
7930
2625
9923
2453
9511
7353
8020
1516
8596
6349
684
1897
1689
481
8773
7501
4755
3737
4869
2968
9687
2272
7340
4693
6771
3668
5034
672
8832
9969
4430
1077
4580
1592
7656
6822
452
9724
7504
4153
1334
9594
3824
8348
6836
1346
9996
230
7596
2998
1202
4747
5093
9374
6844
7771
9101
21
8515
1943
2365
8403
509
3425
3902
1864
1687
8704
6708
4690
1533
1181
952
2043
7766
4173
1924
1459
7022
7739
1032
1029
6299
2768
7289
8968
1632
7474
6137
772
8127
7494
4450
2479
7801
7236
9643
5492
4018
5830
9933
6670
1312
9964
7039
9318
3890
9967
6190
2391
1630
3823
5865
26
6162
5484
296
8947
1723
4702
2988
6535
7476
4449
4177
9288
7798
1936
5425
4815
2862
716
8114
8117
9213
9370
703
8974
6697
1959
1861
7283
4896
5448
9908
7418
4412
3634
3605
8387
4866
6242
7322
2641
8309
9979
5152
5444
6824
5290
5586
2879
7104
9799
6536
4827
2471
4842
1084
2711
1693
6456
2397
7466
5097
3641
7948
2263
1486
8982
7316
2284
2824
3796
711
8743
3638
5752
1043
6292
6209
9462
547
6743
6634
7162
9025
8323
9539
6770
7930
4294
8259
8998
9994
7777
1021
245
5943
7479
5210
317
9417
2513
8786
9911
9654
5035
7562
8940
5900
4863
7848
7624
824
1308
5922
9274
4835
6322
4692
4916
6652
2301
3776
8022
4177
8300
9807
4369
4087
7821
5398
4203
425
3190
1796
3470
7420
3410
7399
3244
2017
8023
9775
8468
2724
9680
8730
2554
2978
268
702
7782
9447
7778
966
4171
9781
4926
195
2114
5057
4509
9812
4754
2871
6849
417
9518
2733
8881
8048
7292
4309
1553
6186
6542
1884
2041
6200
62
5840
5540
583
5450
7135
4951
2042
6010
490
1628
7599
4106
3832
203
8746
2760
39
5828
9901
9452
93
9451
7721
4943
2109
5952
4782
9673
4837
6714
7966
1019
4851
6847
8464
5477
4360
9426
2289
2198
2581
9914
932
7134
6338
7915
3674
7473
2126
9076
5757
1898
8960
1924
9430
265
8555
8585
3134
2219
7473
7846
7330
9572
9070
8177
5775
380
9973
2278
9629
3715
1641
3515
329
3714
6017
2034
4394
5856
5422
9700
8116
3965
5385
1440
7611
5231
2805
6432
3199
806
7892
708
5126
9918
3942
5229
4792
3825
3484
8920
9988
4438
8554
2964
8495
9402
170
1522
2252
2745
7037
9561
7095
1417
6973
2355
508
7620
655
6120
3093
6032
8036
5477
1168
9724
6622
7688
3023
8169
1407
90
4040
9874
3868
1881
3773
6970
6929
7937
3622
1169
7231
8391
1658
9218
3120
4050
2157
9756
5403
2806
4307
43
4163
3118
5331
2738
3354
6933
6598
5416
1314
2338
703
3308
7780
7613
3317
3989
7402
1026
9339
875
5398
3601
8528
4524
5878
2288
1074
9340
7007
9854
7950
332
8006
2580
8098
5109
2478
2522
980
8577
6731
1442
9307
1175
389
3589
5147
9857
6696
8329
9102
6075
2856
5436
5550
3819
3266
6576
1247
4759
9710
3843
9129
231
2177
8185
5091
1832
4894
5992
5259
1866
7148
4384
1218
8423
3923
9669
2212
3521
4704
3178
9013
3286
3736
7404
1447
3314
5098
7672
2664
8722
6204
8490
7784
1840
9895
7411
1305
432
4751
9798
8239
8582
9578
6143
1895
3105
9699
4208
7075
6184
1990
8586
8659
4608
6331
9348
976
9031
304
955
4017
7440
2846
8487
5649
5915
6270
5333
5560
4896
7588
6262
4469
8776
9001
5043
5229
3784
8935
6011
5917
123
8270
9531
396
8523
8084
2153
1884
4604
1368
6430
2239
3541
583
7661
3429
3116
5656
275
4660
492
8706
9901
289
22
6701
1985
1034
641
9254
6922
8694
3295
5996
9251
8180
1550
4551
3199
6320
9719
5672
4467
2452
5350
5179
705
6827
4919
9754
3426
5056
5065
4395
3294
8886
7954
5610
923
8321
335
9489
5376
4833
1126
1939
1221
4126
9162
3896
873
527
6266
7586
8303
7461
23
3967
167
3588
6015
8951
6004
7874
6747
1637
95
2664
2753
2723
8775
5510
3623
7486
1410
9682
8565
1176
3381
4496
8517
4412
1468
750
8778
2076
2279
4006
8458
8246
6066
3175
6250
8997
4991
5085
2740
4308
6993
8268
2439
285
7383
76
380
9856
9924
4734
7424
1775
1703
5293
1395
406
2556
9184
9883
3512
2110
1260
3125
4100
775
982
5930
102
4517
9861
4522
2314
939
2438
2360
3100
7745
409
1970
2011
6345
8601
8699
3771
4928
5529
8934
2746
6860
730
3553
586
9272
681
2252
8861
169
4357
1620
5711
4060
5502
3041
5485
7199
2537
5016
8387
3465
9120
3726
2867
8662
7990
5466
9666
9714
6328
1060
604
8961
8031
3504
2792
2825
818
2338
4102
7341
1289
8829
8420
8648
2060
7756
384
9026
490
1483
7048
7409
8437
6531
8877
1038
4154
3584
1094
6963
3230
2289
3393
1679
2724
8444
1236
4406
7116
8923
5218
1639
885
711
4617
2219
5187
1215
5527
1815
1388
8709
7597
3134
7996
9461
4620
23
152
4739
2428
2070
8927
7760
2828
7865
8493
5177
4547
7953
2073
6492
4837
9323
4766
7319
5329
5706
3623
7215
3991
4275
5636
1113
9623
5733
249
3417
7188
3411
4533
9173
1496
5535
7311
1877
5313
8356
5997
8554
4649
7072
9599
9464
6467
5084
6600
3569
5793
9210
6204
5567
4547
8682
2933
8061
9914
2985
848
6627
7258
5222
3940
5228
7230
210
4307
2709
8917
1684
4072
229
8570
2790
7824
435
6433
8831
7014
9513
1229
9837
9271
2339
1007
4495
8852
4692
8233
9581
2181
8437
9233
7925
1322
9514
9841
1603
7309
6292
667
8060
9971
9660
3641
6935
7874
2210
3346
9559
5836
9459
9577
7161
7242
1984
6448
7415
2436
6865
2810
711
7420
5925
1853
1716
6714
2132
6166
2119
6002
2916
4919
4305
2354
4868
6971
2263
9463
6265
3290
4618
8768
6914
3144
817
7242
7770
8472
8150
6394
1225
7487
5067
9353
551
6931
7271
8905
2399
9297
9296
838
8987
8269
8454
3320
1794
196
218
7733
9467
3230
8761
7731
2972
4384
4778
539
451
9229
1215
2777
1264
6701
6395
3504
6814
309
3921
8986
9741
2566
9748
1005
7085
130
7072
1306
9752
9320
4372
5151
8172
5665
4955
3899
1459
7059
9174
4385
657
5651
3447
9494
6618
1175
7052
2389
4478
137
8471
1954
5923
4984
6150
188
5244
7145
8723
8555
91
9835
4202
8296
6928
695
1314
4268
1053
6134
4330
4321
8696
3500
8770
7717
9307
6979
5635
2172
4684
1827
1196
1957
7028
4684
6410
6277
4447
566
5555
1216
2703
2464
1967
6070
4556
6501
9795
5625
1580
4684
3163
2285
6187
7998
9283
2953
9559
7059
5795
9642
9627
8565
853
3014
1366
294
4948
1581
7207
7342
9155
9420
9384
5004
6151
6428
9428
7229
1025
999
1749
4251
1324
7082
526
5549
3295
4182
9522
1548
768
2401
2480
3925
8502
9609
9708
6538
9673
2521
8842
7939
7352
4708
5049
5731
3542
4541
1994
245
5473
2681
1068
9381
8417
2413
4950
8395
9802
3009
4672
1618
9214
7622
3582
966
5874
7347
2521
9660
8491
2523
780
5180
693
5419
7688
8441
6928
2191
7589
1729
3463
1380
2245
1151
2366
904
1302
4030
8967
3710
1349
3736
2177
6717
1465
7085
3502
4424
1299
6127
3280
9817
3840
6842
1631
8614
4280
7985
3193
4933
4582
2451
8695
60
612
9341
6743
4897
2995
233
7163
1408
1988
6660
5006
9515
2854
3468
558
9515
1340
9400
5147
2069
730
483
8106
5496
3564
6624
1750
8739
7283
7441
1684
1203
5789
882
3009
1210
2560
4864
9082
7499
5539
3416
1335
9762
6552
4890
3638
8593
2410
2683
7280
4164
6879
954
4169
7702
5850
58
5001
7117
672
8526
5762
3360
1188
9796
3950
89
4673
3176
631
501
2868
2249
146
3783
1844
8696
9961
7341
6255
3260
2611
7291
8466
5539
546
8164
1428
8611
8328
7703
2575
6175
9223
3813
5069
8677
7444
16
2139
9747
1607
7791
6412
3626
4882
1407
1597
2251
5867
1556
5520
4830
7304
349
5271
7458
1414
2837
2255
9167
4806
3797
6743
3398
7445
8646
3771
3562
1414
6453
865
776
3870
2784
7647
1489
2123
5452
1767
3224
3378
8553
4241
9543
820
9837
8019
7676
8300
7821
5199
6721
3095
2795
7001
3417
8465
5416
1092
3174
9112
2106
2392
4632
4575
8393
1377
8928
8545
788
8311
8322
7456
2097
4198
1545
985
305
6762
612
9238
2881
1128
4926
3712
6733
5963
5740
6510
1327
3610
7775
1134
4773
2707
9001
6799
7825
7030
7980
5673
9241
4144
5822
9577
95
1907
9417
1997
1515
7534
46
4233
9413
1918
9898
3875
3375
225
2481
3697
6718
3794
2391
3981
8345
8486
4654
2513
6121
3122
3849
1157
8545
1623
9246
2947
4056
3355
2954
3
1457
5461
6095
3288
7516
9781
1945
1686
6709
238
3918
6990
3241
944
7075
8183
6105
5286
2027
1067
920
3321
9722
427
9967
5199
4840
3888
8479
7492
6818
9983
1734
2483
4266
4248
8458
1681
7166
5228
7987
5606
6038
4952
5462
8153
471
2978
6251
2086
1733
5550
7616
1903
4005
3230
4438
3117
9248
6772
4841
289
7715
8325
2318
4235
3699
509
7188
3365
2254
5592
6173
6942
2045
4484
8902
7919
4998
6769
7810
4139
702
9137
7253
935
1100
5826
1964
7523
6520
661
922
7429
3042
5754
444
737
3023
1370
1998
9431
6461
2001
4343
8681
2088
54
6239
6614
7238
7096
7026
3240
5789
2134
2604
3207
836
8203
6819
7272
6150
5701
8373
9461
6579
4192
3590
3402
7152
7668
3291
9353
3247
7320
1029
7387
6938
6433
6165
1124
745
1675
1438
2530
5699
2530
5081
4049
9553
5997
9553
9949
5965
3128
1982
6518
5769
9389
1871
3145
5357
9919
5040
1313
1672
146
8332
7497
9079
3114
6747
1628
8660
2590
8892
5067
4166
5496
9839
9979
1846
5549
8553
4024
8753
2324
4474
6314
7817
2068
8299
355
5799
110
5344
3873
2059
4580
4158
2550
3156
6820
6998
7634
2395
7094
6127
6122
5913
2734
2658
6103
3848
6493
5583
3741
1863
8635
2061
3606
2776
6601
9278
3131
2979
470
8736
2750
3293
1152
288
1975
1940
6517
6586
6249
4577
3317
7707
1936
2912
9013
5831
7642
4459
2899
6422
6831
6066
2977
9178
5630
6391
5504
2012
1029
6374
1291
2996
8956
3442
9916
2678
1599
1787
6511
921
5719
1851
3537
6420
323
735
3028
3250
1160
7171
1938
884
9698
1046
1131
4917
9942
5485
6990
6873
3558
3731
4912
3246
1215
1886
5627
7717
2419
8077
7590
6282
2958
2749
461
2126
2327
3435
1789
8022
9909
4436
6510
636
9755
1912
3053
403
5410
2957
7269
6553
4049
4623
3226
9621
9755
7733
9681
591
6742
5551
8015
6655
2707
7179
253
1133
7599
7575
2165
2936
645
865
940
5586
8061
2331
2827
3400
2085
9914
9691
4640
7339
4189
524
9499
3428
5962
2259
2442
7996
644
7950
5212
4330
2057
3989
8741
7071
9256
431
8043
7387
4255
3326
1594
61
5987
6744
7383
7877
2969
4035
5698
2135
7953
3388
6020
910
674
8515
2328
4394
4816
7527
4678
2935
8426
2202
6650
8524
6768
5312
3796
173
3810
7322
2280
141
2900
7561
3381
6676
7582
4401
179
1529
7775
4156
3877
764
2673
2279
1502
6131
8247
5517
7857
30
5667
7854
3664
2153
6245
3628
4950
1694
6062
9618
3920
4420
3939
5937
7221
7064
6700
1033
1655
8198
7116
6032
5970
4644
3083
146
8161
3739
3582
7045
9760
5667
4488
9703
3019
9978
106
374
4486
8113
9879
7804
6326
5460
9378
8870
4012
4227
5448
607
8066
5169
4602
3533
6398
3816
6707
2136
6132
2807
9096
2978
7191
5658
8765
8680
4896
9716
9444
4931
5719
3996
9168
5819
9518
625
9304
25
734
4346
1927
3160
4344
2095
8800
3623
6205
5310
6142
45
6874
9723
5561
938
5339
2983
5350
7237
3665
7083
2038
6295
7950
6945
5486
2355
8140
8847
7926
4241
9837
2065
9595
3142
6350
3443
5871
8674
5333
7736
4560
4245
4473
1081
5238
9870
5472
7917
9894
2786
9379
1745
1476
7270
3950
6357
4821
6041
2612
83
5410
9328
7184
9613
2120
6863
4294
2193
1021
929
3799
251
1133
8053
5699
6951
3746
8949
7881
4114
2530
8563
5066
8749
962
259
9228
7292
6985
8159
2618
6705
5247
3115
2873
9951
5220
4182
309
46
2013
1497
8153
8619
7016
5135
1438
8617
4881
3681
395
5288
6862
4941
3547
2896
5653
3906
1244
346
4589
5675
35
8651
81
3077
6412
7806
5553
8479
4559
5837
8355
3677
2559
5228
5607
969
7517
8290
8312
4583
6729
4212
5037
6403
5592
7664
5904
5929
5937
7459
982
32
2305
8632
3213
9444
2894
8493
9316
1566
9961
9523
3379
2578
7036
2562
4428
5318
7843
8022
2105
5642
3112
1371
3557
728
4902
6944
9047
6666
5023
9259
600
3554
7145
9193
4774
73
3635
6384
6129
3480
981
2611
7394
1772
3045
3457
3996
2538
1670
1402
9898
4527
9339
6863
5160
5730
7946
501
446
5305
1547
8342
8151
7973
4991
916
7232
2331
1342
234
3435
9791
4697
6865
6563
9887
5278
1036
6426
8313
4793
3505
1951
1770
6215
7381
7675
9012
1686
3202
9178
3179
8089
2199
9399
3261
4536
5053
3807
380
691
33
9848
8393
2279
2162
6507
2478
5385
9209
5612
4215
8528
5520
5562
4270
9311
1969
1778
3523
640
9724
414
4196
6748
3028
2539
7647
6006
8230
7160
4065
7079
711
8186
7449
6260
3562
8796
8302
8269
6362
788
5993
2751
9386
65
1425
7224
7319
2064
6129
2634
8438
670
584
969
4479
5768
7117
4830
4438
3566
3213
4430
4546
9222
1875
6597
9291
5820
5458
2060
6917
8023
5090
233
1699
3063
4756
4390
9146
4331
5636
5914
1844
2335
4010
7251
5294
1794
8813
341
7998
7493
6229
3883
3252
4176
1931
620
779
5967
8287
794
8908
6857
5781
3284
7632
2321
6526
8396
1344
629
5582
1170
5115
9300
1887
590
5283
6653
4722
7565
3956
5314
6813
8835
2418
5211
9397
2607
1710
9751
7785
7004
4708
8637
9064
3443
5876
8641
9009
2670
8380
2419
4725
8568
2126
7409
939
7920
3731
1948
9392
9468
268
1992
5912
2617
5504
1980
6806
6417
887
8970
1827
2534
2497
2585
6879
5370
8196
1821
993
3793
3713
1496
1356
638
1490
3178
3249
3514
2722
5860
8763
7812
232
8923
5451
7122
1250
9815
608
8693
7898
571
7154
6571
8039
8143
5660
141
947
3945
7780
537
3348
778
2600
170
1834
7332
2278
5107
3956
4873
7607
3531
1199
5567
9994
9601
7820
6672
3753
9601
9756
4366
9274
5423
6266
4244
7524
6256
5670
2103
3676
2809
4330
8395
4843
319
8026
3090
6765
7373
493
1567
1737
3827
8914
3049
2888
8395
9409
9835
3140
472
336
6408
8719
2343
6942
8380
6316
9367
2591
1165
6237
5285
4853
2464
6315
2416
1111
9144
6492
8956
9969
8538
6932
7154
2871
6268
2234
612
663
4203
7301
1821
7274
8908
8868
2743
2711
7178
2103
1351
4149
2318
5837
4466
6618
1997
4570
595
2964
4683
2277
7685
8403
5677
8172
5610
3522
8796
5796
6974
7072
1286
2736
1798
591
1230
9181
6626
2297
2195
6073
9042
9529
7198
4142
5828
9613
5654
3294
4107
3590
8286
9596
3915
7241
3581
3701
1697
6838
5342
7625
5664
7650
7758
7642
7830
4307
3906
0
8301
1367
43
1990
4205
2065
2258
9684
8174
6434
2174
4954
3628
6912
9685
4678
4771
2741
3966
1283
4378
6279
7124
5390
876
4655
391
7941
5873
8025
9133
6399
7899
439
9494
1698
1276
225
6957
3413
7957
925
1354
66
6329
8263
804
7863
6513
9549
3508
5642
3832
2106
3749
359
2006
5597
1367
2599
8394
4085
6050
4558
4641
9627
7384
2721
8227
5228
3011
5795
5388
8113
2110
2315
8456
237
4384
4851
6040
8499
4562
7967
1185
7970
7170
8087
1203
270
5360
8403
2663
9403
3446
1651
4610
6664
7972
6136
2375
4966
297
2018
1464
228
2974
1095
7612
3209
9052
7917
1340
8476
4030
2260
440
5923
6753
5411
1671
2087
4439
3213
6827
6400
4539
7424
3107
3650
1103
3018
4842
8068
162
5223
7596
8729
5085
44
2553
8540
2796
7850
8370
4397
3562
3631
9985
6818
6293
3550
565
7148
6368
7737
4538
7672
135
3769
6919
7069
8285
219
7265
8041
6210
534
6285
1347
8560
2044
6339
6588
6661
6669
2414
6536
2379
8835
9008
4530
2258
222
7234
3825
8143
1180
9128
4469
77
6931
227
5597
2162
127
672
2969
1677
7939
8863
2439
3115
3741
3342
1869
489
2011
339
5042
9796
7124
7128
4760
7516
2581
641
7513
3751
7304
8217
1502
6850
2290
5018
2118
6610
8938
380
7993
632
2449
6037
1178
7602
2194
8670
4898
6063
5944
4630
5790
2939
7686
6239
8471
8168
9863
3894
4954
1757
4371
2337
5540
2888
9898
6897
4476
4816
9728
6583
6989
4822
4869
2931
2926
2857
9968
4279
6607
6872
855
7370
4130
5106
3870
9080
5444
7753
3337
663
9127
9813
7248
5876
2237
37
8942
8236
6659
7041
8630
9207
679
699
9843
4094
6696
627
2361
6429
5785
1642
3421
1540
2801
6622
350
2039
7874
5251
3247
8821
67
6291
691
7446
4045
4477
1203
6590
6142
7305
3102
3038
1246
331
5454
3946
380
5126
9555
4548
4627
5431
4830
6727
3966
6338
9788
7264
7733
3419
6589
8567
9092
1547
2096
6219
9862
274
7085
9643
4371
6923
8718
3346
6883
6139
923
6250
5582
5939
2656
8608
833
1782
5309
3096
6367
1028
7019
2647
530
8084
2006
3295
7052
2656
5419
4984
7679
3818
6047
8120
5972
3453
7097
8261
3932
9390
6925
2674
6705
3569
6422
4262
648
2312
1392
4362
358
1910
3551
7600
2828
7778
7279
7649
6816
3319
9977
1871
3529
6744
5022
4281
5015
3777
6131
5293
716
2648
3881
5911
5051
3747
6824
8376
204
3843
1000
6194
6057
4349
5132
4687
8056
7978
6635
2930
2740
4404
5004
6101
618
2705
5005
6625
6094
1532
1232
5420
2472
8686
8275
8109
8927
8716
827
7739
4159
9322
4108
1859
2202
1165
9622
2712
5945
4734
5247
485
8700
3307
2746
4158
294
1559
9154
1941
9886
8802
2517
5912
6355
1459
2607
3047
5248
5665
5473
9107
888
5329
7566
4242
8126
7354
9698
1888
2147
2100
7199
4351
7708
6783
8118
4575
2240
2000
9054
8152
827
5798
8548
8020
7410
971
1360
922
7972
6582
7295
7829
360
7037
6322
515
1849
6407
4099
7753
667
3408
4159
2820
9272
9766
676
7738
3820
7952
5336
3567
3593
6574
483
9747
6504
7243
4251
6745
8957
671
3050
4163
5877
9745
5294
2233
463
6410
2764
8
7156
9988
4946
5479
5508
1298
6680
5124
6750
2457
7266
7869
1148
1772
7365
9851
7337
7477
3859
8777
6608
7375
9701
4658
7554
4225
4788
920
5572
4901
6867
5377
3394
7398
4861
6604
8644
1991
8055
3554
6700
5473
337
2215
5800
1189
6286
8671
10
447
7581
1389
4113
6427
9380
7447
596
9585
360
837
9387
2700
5564
4568
8986
2729
2131
8488
107
1179
8739
6294
6439
9963
9192
1072
2896
3244
1122
1267
7310
301
1389
7962
4644
7687
6427
836
6270
9942
8800
8996
9402
3669
9273
5154
464
8482
2489
2063
879
3008
2402
9877
2869
6363
4076
5869
2122
615
9654
2666
266
7841
6022
99
3453
5175
2926
3119
1189
6723
6782
7896
67
722
7103
5713
1383
9412
9923
6516
7074
4940
7671
8836
3129
2774
9793
2273
361
6552
9260
954
7361
161
8637
4989
4096
2783
5506
2026
2124
317
9302
5510
3180
616
4451
4954
1587
403
836
8907
3273
1409
4598
1557
4456
9871
7371
8337
5936
1828
5594
7062
2887
6800
8774
6379
3441
1474
4153
811
5479
5462
9021
3393
4199
267
2728
3170
2056
3667
993
3850
953
8259
531
3118
9605
474
9053
4385
9828
9535
2531
1330
4625
9795
2357
4642
7155
7093
9721
1268
411
1524
8903
9341
6457
2911
5874
8539
3387
744
8446
226
196
5864
3570
1121
4132
8556
1532
3892
5561
5228
9691
9730
9586
4844
1085
7622
6684
6268
4261
1627
2139
5562
9416
8176
2247
3911
3461
2123
800
6407
190
1754
975
306
9080
2036
2890
5608
1563
6926
6884
9393
2054
1194
6383
6241
674
698
4942
1851
1809
3138
1612
1101
6451
715
4371
4521
7749
532
8314
9251
8454
4579
542
1494
1895
5258
2027
3618
7935
932
1543
7952
4440
142
4843
8454
842
6690
2559
2805
3073
5183
8065
8063
4493
6293
2946
6359
6518
8108
2029
4193
7066
4132
4852
9208
1717
246
3849
7294
7836
1498
9079
638
5510
5650
3066
1469
615
4852
8241
1055
6794
837
638
3686
5226
1696
3480
9126
797
7717
9054
3411
7453
2655
9751
9852
1365
5038
6250
3841
7557
1155
6599
8222
18
1098
5377
7260
669
2657
4281
9821
3246
4727
2072
7430
6797
0
8312
2809
9180
4709
5536
4735
8372
3288
4426
2901
8219
4309
2290
7390
1247
8291
9517
5846
1666
7882
4068
1078
7474
4671
779
9171
4419
8523
5922
9569
9339
1242
6760
8533
9881
4895
215
8473
2563
7540
9088
3464
411
3278
4340
3689
8718
1392
3788
3320
4201
5014
8517
1855
5400
9746
3115
1045
2684
8708
3153
1901
2215
1217
3083
3775
9239
3926
8152
2499
653
5654
9519
7369
1610
2927
8388
7686
3877
7851
5943
8953
2987
8195
4330
8508
6867
8941
4493
7030
8845
2934
9544
5901
7398
1178
8564
7417
3498
3408
5382
4035
9415
2259
5833
8588
1498
235
9255
6778
7625
11
3684
6573
5900
9363
791
7104
3289
6245
7269
203
4218
7716
6940
9221
4572
5657
1545
4327
5287
1104
918
620
5381
2079
819
2964
2017
3382
5968
8840
9742
1169
5205
5128
9153
5723
9279
7455
4043
7437
6519
2296
5607
7540
9087
6122
8845
8481
4140
4495
5936
9769
6155
2242
6458
2813
7090
6039
6722
84
5348
9444
5111
2468
6255
9853
4204
6543
6358
4478
5312
7034
5222
3297
9849
7881
4840
7055
4652
4214
3394
7091
5339
2657
7978
9146
7963
4433
5560
2583
4017
7241
8454
5747
5289
3397
1463
5889
6083
6595
529
8720
9642
9855
7096
2601
4898
3287
9592
8536
4030
4013
5471
1800
347
6011
1029
4311
6652
9296
2746
3065
7970
2905
8890
8744
6296
5883
5279
5224
5497
7500
4595
8137
7262
7025
5503
8134
1304
5042
5973
3242
1206
6218
1447
610
8948
9995
4627
7965
4704
1374
2220
1696
4074
4968
325
9239
9863
2936
8828
9862
5874
1116
752
5389
9888
8355
8385
5130
350
3630
3587
8376
9673
2992
9918
6741
8266
6485
9781
1489
4412
5358
1105
594
2459
1226
6810
1492
6443
880
1090
78
7970
1657
8589
9089
867
1050
8192
8425
2456
7263
837
3446
7339
9940
2024
4164
3057
12
8978
2278
2692
4069
1679
9169
4299
3459
6782
7748
7080
616
6804
4310
1165
1861
9453
8808
6876
5610
2433
5225
8730
6153
6623
4552
1583
7305
7881
4132
1677
6390
3355
704
75
7494
4489
1394
4717
183
9044
442
1505
2579
8712
3312
6920
6821
8197
1206
5006
4534
168
556
3593
9072
5062
6067
9562
372
4484
7017
4179
8134
8182
5459
5878
9190
2802
7353
7125
9770
1488
826
3467
7910
5697
3121
8789
5518
5064
3695
7887
9986
4521
2264
551
7672
1021
1786
3824
3336
2319
9143
2598
2160
7366
5460
5960
792
2224
6441
2183
1296
855
7849
5801
7909
4194
4172
1082
1890
8475
1800
7713
611
8440
447
9178
9317
9496
7937
597
6970
7085
5057
1482
8744
8272
9189
4902
113
8117
4728
5479
4941
4412
874
7201
9699
225
167
8666
3623
2545
532
200
3661
3769
9269
8757
380
2284
5532
5964
1517
9185
1149
611
994
983
4253
7124
2884
8070
8552
778
9045
1604
769
7092
181
4560
2964
697
8575
1854
8520
5561
7219
2624
9440
5836
8175
2957
9296
3897
1494
1984
9165
6197
1939
9504
6253
7830
1734
6759
5934
1042
1436
2338
1186
9385
2542
6756
2760
1980
2576
7303
5206
2232
5978
4784
5074
339
7827
3725
7696
5826
1384
7822
4854
5092
2125
2254
6939
1135
6922
9500
6925
8677
1879
4298
9154
7026
114
2321
6183
6485
7693
4751
5396
8441
2389
1983
160
5582
4124
8723
8609
4633
6632
1039
9083
2069
7541
6133
6138
8964
6197
5497
1771
6246
7848
2177
4916
7316
8327
1451
9540
3786
8089
4619
9573
175
2441
1855
6702
5906
2895
2000
3381
6802
3898
9575
3266
3754
2639
1642
9438
9704
2763
1538
1658
1001
612
2538
9324
3442
3054
4550
7285
7773
954
6158
5214
2526
2217
7845
9760
9153
5486
58
3826
9683
1073
7226
7261
5641
6383
7232
2364
5056
3183
5387
1871
5298
8160
1418
2239
6770
9774
9318
8460
9236
7843
9036
6577
956
4490
7830
9705
2177
9246
4500
3019
2430
5617
12
3345
8453
6105
9996
4759
2992
1765
7864
7406
1766
2206
1076
7536
3589
2760
8271
4590
9650
9080
538
2788
7819
7983
5172
3950
1189
1924
2995
3621
1255
1839
4961
4546
3938
8034
6529
3555
1483
3810
7324
4763
9767
4627
557
195
2498
7795
533
1086
3547
5996
6427
8043
2464
2077
8372
7779
7969
1122
3882
6354
7284
8255
3005
7155
1909
2924
2963
3044
3063
1690
5533
9721
9451
8100
807
1628
11
7745
1355
1042
5620
2581
1892
9160
5646
535
8682
188
3498
7805
974
7769
7895
244
6995
5850
1168
2012
455
8943
6501
1808
5933
1421
9669
1571
9017
2624
6805
7878
4967
5116
991
6726
1688
2561
218
8914
5369
461
274
2970
9170
3691
7028
3731
8425
5689
2633
9831
9968
2663
4604
5081
7905
5947
5369
8054
2100
5474
3827
4999
9739
8529
6578
883
363
1289
8024
3697
1655
1769
1119
6475
3098
8317
2625
1455
9265
6725
3634
991
8867
1264
7486
7480
8830
3511
1691
7375
2110
8182
1050
3735
3036
2261
208
560
738
5109
8475
521
2071
5381
9363
6470
4811
7108
8431
7437
8864
5489
6177
2074
4915
5727
4671
1394
5782
4324
6463
2068
7147
7041
7854
3691
3791
6763
5293
4929
704
6183
3336
1422
3884
9189
8356
846
4248
4499
7541
512
8666
8147
1913
186
4916
6791
5253
6106
7742
3352
346
2807
2430
8453
5107
9287
5702
825
6909
3386
9098
5813
4131
6707
1964
1437
341
230
9014
3535
293
525
8339
3357
1887
8388
635
5468
8882
5445
2970
9413
8206
9694
8635
1016
3468
4238
6406
7537
9908
1647
4483
6067
3871
3020
7705
7824
6667
8548
9624
4907
8372
9127
1615
7620
7589
6029
8539
7346
5643
2790
5005
8448
5313
2140
4039
6846
2445
4948
7139
4472
1015
6372
7599
5043
593
2382
329
3811
1832
4042
1106
6027
7990
7699
6242
3036
5024
8648
7769
8174
4867
7714
6541
3020
4758
7428
1221
3161
5676
3006
7553
6369
7544
1213
4835
1627
6973
1197
6014
3002
8866
2590
7625
8691
3598
3524
1760
3080
7253
7384
8152
8515
2959
4572
7453
6927
7937
2348
6634
2175
603
9552
4675
6626
5645
1390
3602
9406
806
5516
2109
5321
299
4051
624
3127
817
4975
6925
3502
3591
2419
1980
6037
162
7321
2464
7803
7206
6199
5673
3940
8974
4973
5135
8589
2329
6043
497
1713
753
6400
9178
1268
7897
1037
812
3212
3538
6711
4012
7584
6474
7803
426
7945
5266
8861
2972
2133
3226
8761
4262
6682
2555
2234
5175
4711
7968
2760
7715
6902
4706
588
3529
5022
4207
5183
4736
8325
1062
6593
3715
2883
4034
5734
6422
6321
3025
5915
5795
7313
143
9638
3110
2807
596
2954
3121
1860
7174
1641
2381
1107
9772
9381
1230
3628
161
5839
5073
711
4945
7201
7732
2331
3860
6807
5698
5508
6819
71
9738
8002
9931
7025
1308
6846
5357
4290
3151
8136
16
8963
1297
7451
6772
6606
8140
8674
7332
4496
7393
4068
8583
6362
8437
1403
6242
5122
8068
6035
4846
5302
4486
9533
2673
7040
8140
3667
3724
1269
8823
438
3632
2008
3078
4755
3518
4668
2249
5940
2458
3398
3351
9538
2859
400
5288
7768
8610
3018
2272
4244
6132
828
1897
5478
3429
6934
6683
523
1587
7352
7083
8947
9468
5389
7709
8926
845
3330
9319
117
4873
1781
9396
9269
9938
3688
5490
1590
2966
1605
8361
3866
5497
1276
5048
6049
1275
759
9517
2873
9734
6670
5552
4115
9143
7718
7964
2896
5670
3061
1788
3979
3491
2513
8399
895
7839
8214
6119
1961
6404
9974
5411
5993
7522
6778
1558
3362
3160
5271
7044
5937
1563
3548
1242
4346
9589
9640
8119
5853
317
1928
2730
5320
6702
8382
3017
9734
6551
6749
1307
9397
6511
209
419
1141
1219
9419
5481
5644
7230
6394
9687
6375
6884
4774
7133
3355
4122
453
9233
5226
8053
5168
1318
4705
6285
4064
216
941
6942
6850
9010
1757
9724
8378
1708
6867
2768
9619
5364
6549
2739
8756
9159
3344
6613
3615
9244
9164
5483
8803
4446
8218
9363
3025
6053
1929
709
3275
4831
8440
9319
6696
3903
3527
9165
6725
3394
3830
7196
4405
8171
2463
362
9305
794
1439
9907
1051
6973
9119
1978
2900
7059
561
6314
8430
4889
6806
568
5251
3331
5708
8312
6356
3384
3925
3672
3734
6250
2002
5420
2790
5601
7758
3687
1421
3188
2200
418
1583
403
2905
4909
7518
3347
5635
4016
8363
9623
9738
9756
5468
7575
9548
4946
5353
8752
2027
4415
801
5976
5324
6452
329
988
3320
8286
2036
1591
1968
7702
9903
4401
7117
8022
4163
2627
6469
6518
1533
3394
3786
3363
9338
4176
5036
7500
3900
1514
8959
2712
9482
1518
2855
3335
2675
6702
8543
6547
5730
5930
9242
3154
2958
3341
7697
955
9785
7462
2442
8867
1496
1632
7465
4963
2849
8448
4145
6024
4896
1916
8851
966
885
3507
8375
7770
2775
252
5801
1978
7244
7966
8394
2043
4768
25
3111
5776
1490
6656
8055
4537
7855
9764
1741
5087
8070
5726
5661
3882
2426
1768
2284
8318
6454
9080
9185
2112
714
6426
8247
88
20
4985
9236
1013
2986
5930
7156
6439
5204
4742
990
6317
327
7890
1400
6379
2763
9148
8791
2840
7373
4099
8622
7666
81
5075
4295
7358
9088
1772
4688
4144
5999
735
7533
739
3616
5780
4396
3237
8449
3307
5765
2578
3459
5997
8863
9132
4997
7518
7920
692
2110
9809
8941
9287
5130
311
5471
4856
5484
6886
487
470
4961
7475
8536
3114
3013
3436
7922
7455
2607
8819
9503
1454
8807
6954
8598
8900
1736
2344
381
9747
1617
9254
9612
4754
5621
4345
3069
8593
4146
8332
2831
8366
1599
7993
1593
4525
4398
8467
4219
72
6593
6883
5057
1346
6009
5582
7745
8025
4313
7647
2419
2312
9897
6374
9312
1222
8678
860
8371
8383
9335
9314
3933
8748
8363
6022
1301
8257
1518
5808
5884
6083
1770
7455
6253
3125
3066
2667
5459
9358
8826
839
9222
4328
6474
7749
2093
6023
9250
7525
727
9155
575
1740
1157
9300
5226
9325
8910
4746
1546
7030
1446
8407
6400
266
8729
5689
5537
9654
3058
1191
3297
2722
8568
1542
9129
423
3879
4201
7979
5895
6716
7508
5949
3389
6970
4571
6161
2946
2987
3660
2293
1177
4000
1989
6982
136
8297
643
1279
7459
3696
7912
9872
1270
9359
7352
4010
4911
4082
7424
9462
5078
3991
5300
9989
9307
7714
948
6050
794
2077
2074
5956
5212
9501
9138
4416
4381
303
9398
3291
1238
8385
1045
6492
8983
3070
2368
2800
7667
2529
1249
136
1799
8091
3080
5148
56
303
915
7155
7128
7578
4472
1770
6853
7648
8835
3410
8350
8417
3031
5271
3059
9787
7779
5370
8744
6185
114
5504
6965
4217
6462
2771
8813
9468
6227
2326
2313
454
8668
5062
2865
3205
6956
8716
7014
8798
3610
480
7519
6290
922
1623
8638
320
8116
5516
4077
7573
6340
2173
3787
1134
1485
3436
7837
1598
4442
5926
914
6138
9603
2305
6376
7362
2456
7262
4645
1563
4061
9661
2307
9335
3906
3968
9274
6421
1278
1144
9659
4949
808
2828
2343
4740
8033
472
8122
4709
5713
7969
3368
801
8332
1590
9922
6581
8273
6563
7524
1978
1743
2223
270
1394
2692
8310
8797
8878
8020
8705
5413
5341
3522
2800
5726
2686
5006
5929
1432
7078
8347
9434
157
9917
1516
4811
9761
1987
8266
9759
8152
5120
8884
9625
5732
585
2548
6012
9225
4719
9498
2506
9920
177
1799
8974
6612
4433
3880
2677
9836
3700
6413
8902
6693
963
6517
8019
1772
3999
2904
4727
6549
994
2833
9535
6667
848
2309
3670
5220
7067
1108
6265
8351
2486
3403
3209
8493
2049
5972
7614
3546
7940
5131
2888
6598
6727
1229
5825
1812
8302
5599
2111
1791
2050
9080
1445
4420
1849
604
9497
6304
8312
166
1344
534
3311
2418
2198
205
3426
2964
9610
756
3384
9672
5365
5555
2973
2423
5419
4176
3698
2562
3274
2218
1332
911
3584
5413
954
45
1305
7746
9480
7621
5525
1786
4704
6719
9912
8280
9864
3902
843
240
2198
3913
1681
6624
5800
3511
6356
6673
5697
3414
8237
5321
1182
6680
6594
5553
8950
1339
6409
7582
8335
5492
5755
3055
5710
759
132
6113
6070
1797
167
1218
9218
2594
3422
4240
1469
8945
4559
2045
1166
6127
4475
4546
8226
1017
7696
5677
8786
3611
1502
408
7331
2807
1430
9111
2091
2781
1565
1086
3585
3997
7985
9885
8894
1542
7811
8857
1456
1674
2914
9527
7774
2848
4888
9288
3397
1765
7022
780
8064
865
8779
836
278
9154
3417
7944
5406
7351
9400
7553
7565
3930
2332
5797
4336
2378
5202
6493
9973
2772
1600
980
851
62
9210
9102
3643
33
6320
9202
7254
5728
2981
9382
8877
1193
7258
3734
5000
6774
6745
8608
1454
7552
9998
5727
1899
3266
1119
7169
2128
1301
429
7175
7748
5853
930
8537
551
1391
6058
6548
6247
157
5759
594
2556
5968
7644
1844
2879
3377
8851
7485
4200
8468
6266
2222
1523
7921
8287
4729
5492
928
4573
8645
7842
8928
6983
7806
6079
7477
5025
6037
2040
716
6238
4555
1687
8939
5187
7398
7974
7018
3578
9501
1710
6808
2275
4790
861
668
2246
3530
4070
6777
4180
6689
3698
3804
3627
5023
2485
3205
4679
2522
8412
3520
3493
1575
1538
8815
3523
9520
4097
1574
7348
2693
2613
4082
6543
4972
6908
6919
8727
6646
1210
9044
2662
8943
1401
5861
9682
769
6670
4517
9521
5766
375
1998
6169
4712
9472
1695
6944
8344
8244
440
162
8983
6497
7189
1393
9571
6836
4293
4743
945
4916
486
8182
7812
8507
3502
7857
3144
9534
6200
5988
7390
3325
9722
3069
5620
182
1071
254
3903
8116
9925
586
3240
1861
6645
717
9536
106
4699
1305
8145
8327
6081
1802
755
4826
9372
8827
2568
9864
6594
3714
6949
7907
8759
9126
2685
4296
2547
3489
6043
676
3553
7904
971
4791
7622
9127
3350
6001
7868
4449
3673
4616
1163
6246
737
6108
7603
9765
1541
7713
7912
1552
7343
5932
4986
5863
4248
6649
6303
1821
9855
185
7088
1655
9318
9097
5069
5139
1482
7037
9501
3429
4349
3275
8071
8492
289
9860
6598
6563
3202
2302
4252
6083
993
2012
678
6421
4249
9823
8872
6550
4832
9845
8805
6468
5868
832
6364
5621
9119
4274
9106
2486
96
9060
1273
7585
9383
5830
4202
9560
3093
352
6180
5821
1822
1655
2304
2372
7412
3820
4288
7632
1441
222
1556
3322
6176
8864
5225
6289
3481
4597
5023
8171
4471
5031
3717
3561
6104
3911
2867
264
7953
8014
3939
6852
9770
9666
60
5911
7805
8997
3869
3775
4935
5863
9139
4350
5464
1580
7735
6987
3069
1097
3047
6453
8407
8247
6239
3352
4647
6009
36
4280
3945
7802
2637
1578
1114
5952
3550
2083
9640
1614
5234
4887
4820
6805
6212
3123
3606
601
6794
2071
7022
8002
8335
7275
6418
7801
907
2402
2473
755
290
9820
3810
8186
7014
7013
9554
9750
4745
27
4152
9930
9011
9389
6159
3819
764
1182
3360
3324
2470
9353
6288
468
7386
1599
2253
5377
5534
1371
8561
4742
944
1479
4385
4544
3586
3479
3924
2198
6962
9667
1555
7390
8564
9283
4634
8413
3774
6531
1880
9766
768
373
440
7284
7902
3189
2540
9219
5899
8680
7987
2280
8339
5006
8456
9120
6021
5558
9511
3686
8412
4720
8939
7295
4569
6574
7097
8591
9535
948
4531
4606
3578
3823
8186
3717
8588
6546
9059
3202
7254
2603
308
1548
6895
3812
6988
9776
8020
741
9500
5897
9196
4790
4198
5502
2615
1906
3184
8294
7763
7512
4821
7159
4474
2187
1513
107
4267
3081
1590
2147
8947
7321
9799
6550
3320
941
6625
7474
5522
3031
6521
3220
9910
136
2374
34
3888
3604
6052
1653
957
9761
2034
8308
6627
7758
8249
9659
7149
879
6681
4939
6566
8647
1265
9130
2513
9135
9323
3643
6675
5202
9730
7913
3822
9179
6016
1405
650
822
6889
240
3426
1763
1214
4570
5497
5642
6366
3736
5303
8104
6175
4699
9907
2759
5941
9485
6175
3643
9149
863
5595
5993
89
990
2551
1378
1736
2693
9384
749
305
3115
5686
1843
1100
8157
1072
612
6701
6486
5532
5399
8014
5146
2111
3678
136
2274
1093
7736
269
6002
3758
4080
7685
1447
4245
2850
770
7500
5086
8030
6338
7163
2284
2613
9698
5936
9340
944
2954
1433
9665
8289
3016
9274
5565
3745
3148
4750
2024
8
7502
9511
4496
1579
1687
5670
7150
1951
6562
2246
8641
5531
6976
5763
1353
5484
498
3576
6961
4339
1735
102
7146
5993
419
2464
7089
9186
5224
8723
4252
2495
7251
3524
1350
5261
3301
4385
1204
3004
4588
6361
3571
8282
1870
3159
8528
4317
3762
2106
7060
8943
4619
3552
5626
1875
6689
3456
2591
6119
4653
903
2500
6130
6417
571
2227
7308
9603
2475
5852
6349
6500
9495
8586
7805
5056
812
8951
2603
8324
727
7144
1049
1991
539
566
2197
8503
9614
5723
8674
7746
8958
6006
4292
8029
1232
3898
8235
8339
809
4937
1127
3806
2997
440
570
859
4853
2688
9787
349
5574
3809
598
6209
9404
7298
7440
1705
1006
3993
6745
8888
5818
6163
8170
1209
7817
3121
9358
9292
3773
6992
733
4797
1239
9763
8595
802
6470
127
1120
3426
2826
8499
7944
4669
1174
3986
7355
4427
7011
3470
5982
5109
5249
7762
8456
9754
4136
5387
4857
9295
7869
5317
3716
8439
721
7326
6062
5114
7987
8905
8415
2085
726
8290
1957
9470
8285
7993
7751
1729
4450
7420
1751
44
5654
2661
1553
5860
2386
1245
3248
2754
5069
9803
7344
6094
1734
2334
6190
1590
3633
1746
1755
5723
6655
8674
6799
3480
9797
8555
9003
3455
943
3417
9111
9570
7853
705
2121
1643
6939
8361
4807
6889
1823
1255
3908
5495
2524
8325
8710
4587
9651
430
1977
7704
1337
9480
860
8272
2355
8270
4664
777
5197
8968
5809
4954
8395
5913
6486
275
8887
9397
2994
1527
9193
4749
645
4439
3989
4872
7612
6779
1805
5952
6812
9455
1879
1031
719
8585
2234
6420
4501
5139
9010
8317
4011
9689
1299
7074
3321
3152
7498
8324
9125
9040
4974
9136
8614
4144
9717
9596
5827
7405
5876
1421
4281
6102
5343
1554
91
2183
302
1121
4804
2368
5248
9660
5976
8178
6409
8208
5208
2085
2423
7146
2804
9769
9651
4645
6267
8439
210
3140
3839
7858
2027
1016
7859
1680
5859
7663
9094
15
4420
4123
2297
5286
1068
698
236
7289
5105
3430
2871
4824
4707
1883
9252
3941
8938
7568
7386
976
4190
7300
6051
4592
2854
2503
8895
7648
2280
7842
3202
9876
2991
899
8041
2551
890
6489
906
7059
5456
7097
7577
3835
1122
9899
4279
2728
7449
6692
3572
8270
4111
6112
3093
1259
25
4171
8097
3692
6545
3469
4293
4843
547
4224
1272
8840
4605
6591
8312
611
2841
2941
9875
8292
3783
9326
3330
2151
3411
8582
4080
3351
7927
7260
808
6390
9
6155
3324
998
1764
1221
2194
9927
1652
4916
9593
3709
1771
8015
8281
8637
3665
9429
136
1205
392
8761
2761
3413
861
1898
4527
3598
8586
6573
7888
3845
153
5225
4692
5939
5475
8287
3037
6076
8727
4180
7344
7450
1158
6653
7217
4038
3722
4934
8141
4355
3271
8239
6129
7847
314
7859
5784
6358
8030
8246
2209
2445
6685
5850
6799
2583
5459
4494
6105
7935
2655
8660
2082
8339
3587
7229
7732
7474
3178
68
9877
7426
4569
6835
4476
6528
430
7046
8093
2405
2549
9914
143
7553
7530
8385
7438
4790
8840
4550
8556
8004
144
6135
2883
2284
5397
8068
9110
372
7140
5362
9861
9398
258
4251
3519
1797
2621
6806
4418
4461
4420
5343
9166
7253
4338
9747
9799
4308
6438
4363
7689
4557
6574
8402
4054
6569
9922
8036
91
2496
9197
9637
5137
6979
9349
907
8351
616
2316
2297
4572
8035
7727
8312
4514
8590
5692
9588
2910
5749
2304
1249
5556
4208
3710
4921
2432
5182
5948
8307
8503
7786
6087
3712
7500
1645
6503
9189
5166
1728
9390
960
8430
5691
6681
4122
2527
3935
4105
9768
9206
8509
7563
2685
3009
8097
1139
2703
6564
2702
7704
9940
254
7591
6152
8585
9290
5480
7964
510
2273
5583
4311
3218
9117
7961
7320
1351
1817
4717
2319
3794
4948
6511
8491
4353
8788
147
5281
5081
5703
6127
2778
8043
4356
1227
2564
8818
1056
3863
2776
3643
3533
7129
4523
8481
8925
4177
8990
5829
4772
3387
2576
8871
8699
7473
4436
6867
8993
9770
6717
5898
6220
5379
5333
7292
5549
6633
7629
1343
6306
3312
6383
495
4852
2194
5471
4674
3313
6295
3680
6614
8644
8158
8707
2250
7936
8358
8090
2598
4300
283
3194
7991
5128
7040
2543
9435
7421
2949
121
2181
3667
1573
9508
3294
1100
495
6454
5785
5885
751
2434
3376
7917
697
6729
8432
8438
225
2896
238
265
5417
1900
5204
894
536
4554
1212
4073
8595
6251
3160
727
6523
3069
4620
8088
5892
6661
5625
503
8029
5143
246
5316
6464
8264
5261
866
6567
2811
543
5372
5193
2008
3413
3379
8368
2267
1684
8627
7624
152
2908
6099
7447
2012
4253
4843
8547
6846
6919
720
3652
5
1068
2331
4360
4227
4516
5528
2924
6495
5085
409
6238
0
8605
9994
7036
405
4310
3936
4408
8946
4196
7755
395
6949
3590
4603
1762
7543
7542
5550
666
6478
6663
2855
7252
9566
8570
7035
7156
5615
8077
996
524
810
2081
8280
8352
2046
7622
132
118
7199
965
3234
9580
6606
6617
1626
3413
2099
2907
6069
5425
7911
7001
8220
7224
8286
7075
9983
7475
5825
2145
5090
7736
7274
3780
2945
3216
3032
3480
4372
1190
7843
8178
7885
7566
1705
476
254
7471
711
4682
9288
8399
3891
4584
6287
8185
7622
7010
2633
7357
8199
5295
6341
3221
2434
8139
2968
9552
9608
2848
9186
5117
6128
2176
2271
4069
8603
1634
3562
5668
3877
1062
7468
982
6984
5431
7218
3883
8042
9932
4316
4694
5110
58
3378
6872
5832
7946
7633
1635
4994
3746
2211
9982
60
2915
1389
6260
8264
1519
482
9113
5907
7029
6452
2859
6360
3978
1674
5296
5103
2709
6382
530
3042
2886
3997
6772
8047
852
2625
5471
3898
2259
8172
7677
9258
7775
2794
4161
2020
9783
3465
9233
5141
9800
4037
9026
9464
5589
4748
6143
5239
6272
7680
7445
2414
2088
7163
4589
7340
4831
2476
3798
6659
6534
8463
8159
4894
2535
315
8351
5506
6895
4741
9617
7869
9686
3714
2767
5164
3916
2186
3977
7192
7858
2776
1170
1776
1538
8030
1144
9138
2508
4709
4318
5106
7487
2178
7383
4413
3104
5860
8305
5736
713
4745
700
7089
721
6560
7350
343
9524
9786
3188
4534
447
1866
7391
7114
3754
9835
4792
8565
9986
2225
6729
8043
7090
2967
2634
7322
3469
2088
4813
6344
5227
4681
1830
1428
3054
1331
5562
5278
3231
4126
2643
179
154
8953
5294
7297
5091
5287
6210
7577
9123
1971
3804
8322
9715
4516
9771
2121
1699
7771
4773
9622
3144
6793
9700
8779
6064
5406
673
7862
8147
3644
1579
245
9880
8090
900
169
4080
2932
3289
2434
1475
3616
9515
6970
9174
2795
7743
7007
2166
6850
1150
7544
3476
4045
6985
232
7692
8405
2526
5792
3715
2118
2847
9887
3740
7872
2677
2069
8120
3032
7969
2133
3944
5451
3082
1609
1648
578
552
895
7577
48
7884
4288
8387
1289
58
2241
8150
9485
3172
2083
5491
3314
2644
7542
460
5760
2213
2474
3292
8405
351
4469
8772
5705
8061
9089
9715
8731
2029
9037
1009
8426
2787
3987
1385
9489
5018
970
9969
9066
4936
2178
3543
2499
9357
4796
8361
8893
952
2060
6321
5729
9334
359
3500
9325
5720
7958
4037
9772
6976
2605
9378
6788
9863
3621
5722
6713
1982
8517
1362
1535
8143
6272
1043
2076
9839
7367
7562
2028
8338
2367
4940
3566
1483
5661
4323
1932
2511
7854
8969
4552
7957
1108
3392
3489
9612
9370
6843
7845
8504
8504
7805
7792
1963
3122
6892
7491
7500
3595
2945
2784
1431
5111
6863
1794
881
2333
222
1129
5350
6956
7587
1203
1168
6885
9886
1990
9830
8117
8687
8233
1391
3654
7877
3363
6001
5532
6773
4667
2427
3098
9619
6846
2283
4983
3536
5055
5452
2491
5217
4041
4768
8131
6999
9920
3350
676
512
2454
6840
6876
9450
8761
7508
8148
5439
8233
4053
6385
7297
424
1421
3770
6580
8586
7729
4804
594
6667
5217
6265
1263
6672
7635
1256
7658
2837
6970
7381
9292
502
3832
2897
4032
4041
3933
5620
4303
3896
3067
9063
2230
4301
8312
3646
3671
5287
8831
5106
7689
201
6883
7165
221
6912
4097
2590
2014
6901
8209
2077
7332
1417
3144
761
6757
5549
1694
5452
3704
2244
5351
2048
2744
2672
3248
3690
9457
1385
8007
3365
9626
572
503
9466
7406
3840
1391
1963
6233
3604
6862
7983
9244
9876
9310
3799
7134
714
8842
3071
47
5312
2204
625
1513
484
3192
8291
757
8069
3247
240
4967
3754
1520
4868
8680
7010
1873
3489
1374
3734
806
95
7546
2170
6988
5201
8717
9650
7941
3010
2967
3233
7152
1949
846
701
468
8428
136
5599
4473
9241
2310
4230
291
4832
5597
5691
619
453
3857
6142
5212
898
640
4080
5063
8041
9128
1370
1124
7736
374
6555
8022
8026
188
5151
5209
5257
590
4762
8874
4338
5914
1892
5235
1233
6673
5390
897
891
2694
8706
9028
5259
9602
3129
3875
7700
1282
3303
2394
7477
5230
5136
4849
2058
5766
3886
8682
1903
7370
2682
3798
879
1703
3032
1572
8235
1433
671
2855
1111
2482
4373
3379
8350
4085
826
5780
1317
6847
5563
5483
3117
6595
4935
278
2
8672
6894
1339
7425
1474
8836
369
9046
1681
9013
171
6947
6793
7971
81
1676
9383
1163
7356
7343
1613
4006
3566
9762
4435
6779
5436
9141
8890
418
1322
3734
4270
9731
1745
9939
8375
2588
8447
1546
2364
7281
1851
5884
7173
9294
5731
384
3819
2664
7492
7891
4926
5218
3829
8397
6370
5612
8449
6000
5415
5941
5375
3882
2740
3393
1167
6377
5856
7285
3123
206
6220
9919
4632
4218
2480
4019
5584
9589
5329
1664
974
1677
2843
3970
93
5771
9377
1936
28
9826
6318
1685
7594
625
9063
812
2698
7880
4239
6948
2563
5863
1590
4547
7255
3537
9695
3479
3502
2287
365
2392
7134
513
1881
2553
73
2048
9250
5613
6819
7919
9186
3142
8879
9696
2377
2056
5093
9939
3017
204
1026
1736
1149
193
236
8742
7862
7293
4623
5252
7795
4946
9033
2580
1388
843
8911
3600
1211
325
2154
5228
2200
8811
7106
9051
2080
3577
8437
5470
8129
3298
4179
9159
8852
9021
4137
2044
9384
8698
3673
1046
983
4819
1426
3193
1191
2029
2081
9102
6127
8654
3508
6604
4371
6984
6134
7910
7759
3331
6285
4397
9148
1289
8652
3142
1650
2091
7140
9751
2026
2705
7486
618
5693
6367
7070
4196
1951
7443
9685
7199
2418
5866
8277
2756
3881
6018
4545
4836
8698
6298
6113
5349
9006
9142
223
5834
4392
3807
7121
5675
3567
3255
755
8420
7402
5834
7648
1529
9783
5840
7709
7559
3832
1295
9570
2918
8091
173
2022
7115
5333
467
7062
217
1866
9245
9905
631
1275
2157
323
1101
1628
1184
4108
9048
7953
5752
2908
4941
3589
3545
5262
8090
7366
8431
9374
3928
5184
2588
8296
7405
2036
6864
5983
702
3413
2465
3254
7825
9536
1290
9006
8544
9925
3199
6477
2761
6214
6062
7255
2355
7594
1057
9596
1772
3535
8960
8222
8717
5706
9236
9741
9935
2924
54
5376
8790
4819
1046
2034
2795
9673
5288
1223
2200
2397
1672
6970
6173
6317
7550
3604
6383
2013
6749
1691
8832
8550
3749
5749
3098
3038
8
2039
3844
9807
9850
5982
983
2775
1393
1001
203
6172
764
4161
7466
2698
4368
1847
3574
8010
4717
2808
3606
9856
6080
4223
5835
4257
2242
3287
3729
6479
7133
635
3490
7635
7262
3965
8212
4966
582
2447
2611
156
7818
1249
7273
3565
8763
4903
8969
1889
8256
4118
8699
1864
1679
7260
929
1043
2458
6409
8024
2306
3558
1725
8475
6795
7079
6399
8690
8900
6408
3160
519
6189
6166
7546
7497
3325
6300
6352
8745
5799
7897
2979
5106
296
2461
9173
5190
1904
3171
9502
5235
2043
7592
6561
3476
9131
2794
7707
3620
7124
7387
1847
3181
1011
6117
7952
9998
3084
2055
9700
7628
4351
5694
7026
4079
837
4559
9744
1885
8797
6432
7595
420
2350
342
7115
7793
9064
985
2626
9614
4859
6420
3570
5415
2771
4585
1816
3917
1183
8929
905
932
9613
4257
5895
3911
1603
8584
9423
9131
7308
4293
8323
7713
238
4005
6943
5509
2068
7114
8250
7492
7661
7111
7339
4266
9487
5143
4949
9065
3753
5486
4449
7270
5733
7320
7479
8477
1078
8701
2680
9524
9971
3174
6682
8349
2735
4585
6113
1862
2725
2527
5303
1434
6909
6455
9784
6250
4365
4868
1692
7702
4287
2785
6289
261
1211
8773
5973
3269
7745
6146
6429
2348
3429
6759
7221
9757
9047
3829
9445
4678
1197
1118
8603
2757
7216
1129
6571
5259
336
5218
8032
985
2149
2159
1021
2583
4163
4974
4741
612
6889
2793
9971
6279
1414
2204
2535
4947
808
8301
7182
9322
7266
4489
7597
9448
2601
960
5305
3888
4156
5255
3829
9333
910
219
6857
2542
9698
1061
4492
9788
2609
121
7182
6552
3466
9336
2853
6485
8615
246
9666
2357
9271
1238
1470
1272
6222
2481
1718
831
5269
2405
1504
8414
3871
1034
6585
5007
6762
5008
861
1763
2542
6324
3042
8980
9461
5873
6642
6295
983
3012
4563
1421
1553
7576
3524
6040
7233
3311
8150
4394
6800
3810
308
5272
8460
6607
1745
2846
2513
1090
8253
6925
6852
9775
3235
7487
1644
6571
1234
3691
9709
8266
9046
9348
3970
1938
3779
5100
7558
4607
9917
5733
6031
9808
8822
4792
5112
1695
213
959
5210
7566
1199
3900
7222
9693
5381
7677
1649
1096
3530
1015
2253
8588
7103
9791
3567
7418
4349
1880
5666
948
1263
3750
7832
7877
5737
3473
2328
4221
5928
4597
6521
138
2920
1270
4713
8690
5228
3793
9498
5021
8141
8430
5802
95
9218
5458
5741
6291
3193
6816
5785
4515
4607
2271
6622
6132
9810
9895
672
8270
4864
6373
6818
5833
459
3183
5601
9699
700
897
3930
7518
2784
9973
8489
3143
4355
5952
1887
6960
7784
9929
5071
7648
2083
5382
6821
4448
7155
5327
8483
8902
9487
515
8122
7390
6204
6921
9985
3012
4680
3135
8485
543
5702
6878
525
359
9846
5407
2089
2055
2704
8022
4327
3342
6845
8684
7249
9743
8659
3596
1942
7912
7579
3923
979
2543
3152
7082
7310
2296
3766
3583
4207
6484
6692
1343
4124
52
6287
5377
4415
5291
9861
9404
8566
2241
195
8584
4950
628
4723
4882
493
344
2374
8937
5219
9199
4794
6293
4652
6948
9400
183
6333
6353
973
3915
3464
1409
1154
3755
6293
5024
4378
9709
5583
4990
2119
333
1081
1762
6490
9589
7563
6539
581
6680
2061
8354
1454
7950
1102
4491
1331
5945
9489
7387
2325
8487
741
6019
2147
1648
7216
90
8659
3359
1671
2713
6830
5038
5405
287
9801
4378
4757
1413
5500
5637
9157
7372
4897
5498
8441
5538
7099
5387
8641
3892
705
1046
5785
4013
8181
8166
5283
573
8469
8006
7234
3925
2541
8960
7317
1006
2118
7332
6879
7257
3295
9044
3215
2881
5735
8316
8033
5277
4788
3215
4896
5745
3716
492
5526
4516
1997
463
1425
2749
1651
5428
8596
6742
6230
6359
3719
3651
5700
1639
8540
1196
2738
2921
4864
4853
2755
6856
233
5630
8978
9369
4354
4599
7154
4157
9616
4492
5952
6160
8416
1534
5345
6367
528
1169
4542
3814
9766
6194
1032
3943
7953
7921
1625
2103
970
8540
8697
4386
6502
9356
3737
3615
4523
7736
8464
2686
9676
6487
3760
4669
5667
6292
7604
4634
7802
4922
6024
7027
3639
2126
5701
4729
8785
7084
8424
5027
8259
5834
3357
7039
3084
9529
573
1763
4719
3417
9265
5026
6446
1820
7442
1018
2591
3331
1967
6793
4760
8388
5722
1920
7148
2717
3392
5264
6370
9619
7202
1921
4510
7059
1380
8706
4558
8953
4242
5354
6739
2799
4442
5485
5978
205
1978
5626
6678
4207
2103
4897
1068
8532
6775
1874
1051
6066
6572
6576
5621
1415
6589
933
8223
2315
82
9647
1921
5089
6347
7304
3162
4284
6654
2787
1971
3758
3276
5890
1086
1916
6447
6549
91
4765
7890
3725
8086
2081
6589
4990
9665
4175
6731
6723
8570
9606
3722
891
4872
6661
7742
4657
5927
6342
6466
4841
798
1092
332
886
4361
62
7628
1673
1688
8228
1473
8132
1667
2366
3816
2397
5704
5372
2994
6990
7587
632
7936
5993
5929
8488
6829
1080
5248
4511
1673
6322
1726
371
4222
586
1309
4377
6353
7554
2088
5740
6678
9661
8645
5085
608
8497
655
9045
9412
7819
7118
4309
4136
2109
2517
8126
8430
9986
2440
5117
231
9267
9832
5166
6822
4674
5181
49
5490
5042
4543
3642
2311
4746
4080
4866
1609
5199
4841
8396
4422
6958
8816
1602
1367
6795
771
6957
5027
7395
388
2099
8865
2958
1408
5626
2711
1153
6413
6811
6036
8576
9888
6178
54
5856
9145
8498
1464
6505
988
8405
7164
6859
2668
9025
7313
3992
5
4022
1281
7311
630
3508
9866
3049
3818
3386
9863
1980
3634
777
2202
9117
6944
6599
9304
5298
9266
9311
8929
2325
5865
8373
7946
8357
8582
5223
6633
2087
3616
1615
2684
2250
1732
998
6151
7271
4329
8147
808
247
5806
6752
2168
2798
9043
7277
5169
8870
4465
7358
3798
6135
8999
3519
6580
5873
2722
5273
5747
3996
5000
4556
5720
5335
3328
1676
8283
9565
562
2456
8943
1685
5575
6341
4179
3304
8764
6185
8885
2798
4521
8275
6718
5489
5784
1112
8397
9731
7972
889
484
140
16
2032
1225
6731
3344
7545
4218
7965
6264
1934
6257
9484
5760
1114
3839
4543
3264
5215
3288
9583
4446
6178
8026
8281
497
6596
4619
8111
2672
6476
9231
4378
7180
5024
1955
9754
6295
19
9257
5501
8832
5464
1600
718
4221
5236
8638
2597
7811
3794
3405
8077
4788
9712
5024
1842
6421
6006
9457
2473
779
2023
712
2842
9810
6288
9833
8616
170
1197
4123
7553
2030
8939
1329
1632
930
2200
8967
3248
7208
3526
3866
6107
2367
9423
9220
9553
7625
1091
6978
6260
424
892
1860
2080
1428
4034
9985
8552
7227
5499
9605
6811
4101
4506
3192
8054
6243
4664
3771
5251
7188
5424
7905
9103
2068
1940
2808
3129
2449
846
6596
5317
938
1761
7606
3745
1239
4653
7278
1231
5136
4544
1210
1057
7563
666
6233
195
2196
3818
9872
130
9227
6276
1304
5851
9061
5476
7027
6878
2288
8331
3721
6048
5704
1800
8883
8592
6510
2643
5059
785
8379
6978
2142
2998
3313
7742
2999
701
3242
9264
5114
7602
4384
9493
6033
7556
1272
9425
7846
1284
7499
5792
6342
8937
8051
359
8078
3377
5966
4184
2757
5938
3650
4116
7238
8463
9262
5275
600
5318
6360
64
571
7638
2328
5912
3553
1197
1328
7056
6375
5855
6838
5998
3119
1700
5568
9424
5404
4360
6443
3457
8504
6406
104
7018
3333
302
564
1957
3934
6819
2370
4540
5658
8978
4919
4608
7693
9964
7809
9590
1066
6708
5781
9068
3752
2260
3939
4457
3536
6410
8665
1522
9553
8224
4417
6680
9776
7001
4247
191
6015
9655
5804
1370
7816
5226
5920
3666
6231
5155
6927
1605
8273
6246
6619
9275
5461
2302
8241
3892
590
8714
6411
3486
9602
517
6241
930
1722
7812
1933
6029
1405
4344
5034
7421
9579
5635
7848
17
2196
6103
2559
1363
8275
1098
5548
4514
7146
4294
1885
6311
8539
9741
5621
1065
3104
1193
7517
6460
7095
2721
3288
8196
270
9752
6368
7000
1159
6992
7778
9234
6568
5212
7651
5283
5985
2146
6126
8450
2363
5439
4091
1685
7258
8805
4189
5064
6350
5024
8536
6618
108
7062
2988
7080
3908
8764
6643
6913
1342
8437
7587
4392
3270
4661
7633
4632
2673
3892
659
2754
107
6863
4879
4881
8607
6888
4389
1487
2834
1597
9749
560
7500
4598
4767
1868
6180
1032
8838
5627
6631
8327
3967
8536
292
2696
3308
4360
1303
244
8783
4596
2400
7144
4941
4065
607
6761
593
401
4575
1062
3850
995
9452
9846
851
357
1010
8975
4428
137
3139
3080
9354
9862
8501
7111
4936
6149
5702
5172
9512
5164
8044
3663
1274
7832
3534
6957
5975
195
296
1501
9130
5173
8751
3336
1196
6086
8610
55
5931
1409
6872
8079
3447
1445
8348
6567
265
4565
7954
2634
2224
1695
7653
5592
5928
9002
4222
4103
4489
4456
3347
7878
410
7995
985
3410
7168
9908
3064
4994
8071
1158
2170
6893
1995
2617
9807
2492
1987
7163
4080
2985
5723
2273
6605
3878
5805
9851
1477
9099
9963
8965
8226
7079
8412
8361
8399
5543
8657
6994
8759
1333
3730
44
6636
6216
9001
6903
7360
7305
4555
7946
6995
5142
8942
1445
8457
8287
9340
5886
8743
8013
6947
6717
1322
2626
9542
5875
4773
908
9299
5701
4533
1172
5697
9783
8018
9123
662
6067
8356
1219
5011
5608
4239
6179
3357
8607
3581
2245
7881
9177
1399
2353
3123
4821
5920
221
3162
798
9501
2468
6075
5392
2068
2354
1433
1259
3793
1330
9078
2480
8175
8062
8593
6872
8393
5606
9756
3556
5421
1229
3832
1167
3337
3932
3487
4016
3046
9177
4686
700
813
8419
4173
712
8362
8436
9981
6684
940
5785
9581
4082
3221
8046
2936
3806
373
1794
7662
4808
8333
8954
9965
5044
1682
8290
2573
7363
9297
8333
8053
2130
9129
3293
6365
4816
4329
3038
1905
5742
3015
4717
6894
5775
8154
4839
2460
1646
949
2140
4520
2382
7761
5218
7261
7596
789
9061
63
